Record Length,2.500000e+03,,   0.097160000000,   0.00000,
Sample Interval,4.000000e-06,,   0.097164000000,   0.00000,
Trigger Point,-2.429000000000e+04,,   0.097168000000,   0.00000,
,,,   0.097172000000,   0.00020,
,,,   0.097176000000,   0.00000,
,,,   0.097180000000,   0.00020,
Source,CH2,,   0.097184000000,   0.00000,
Vertical Units,V,,   0.097188000000,   0.00020,
Vertical Scale,5.000000e-03,,   0.097192000000,  -0.00020,
Vertical Offset,0.000000e+00,,   0.097196000000,   0.00000,
Horizontal Units,s,,   0.097200000000,  -0.00020,
Horizontal Scale,1.000000e-03,,   0.097204000000,   0.00000,
Pt Fmt,Y,,   0.097208000000,  -0.00020,
Yzero,0.000000e+00,,   0.097212000000,   0.00000,
Probe Atten,1.000000e+00,,   0.097216000000,  -0.00040,
Model Number,TDS2014C,,   0.097220000000,   0.00000,
Serial Number,C031611,,   0.097224000000,  -0.00020,
Firmware Version,FV:v24.26,,   0.097228000000,  -0.00040,
,,,0.097232000000,   0.00000,
,,,0.097236000000,   0.00000,
,,,0.097240000000,  -0.00020,
,,,0.097244000000,   0.00020,
,,,0.097248000000,   0.00000,
,,,0.097252000000,   0.00000,
,,,0.097256000000,   0.00000,
,,,0.097260000000,  -0.00040,
,,,0.097264000000,  -0.00020,
,,,0.097268000000,   0.00000,
,,,0.097272000000,   0.00000,
,,,0.097276000000,   0.00000,
,,,0.097280000000,  -0.00020,
,,,0.097284000000,   0.00020,
,,,0.097288000000,   0.00000,
,,,0.097292000000,  -0.00040,
,,,0.097296000000,  -0.00020,
,,,0.097300000000,   0.00000,
,,,0.097304000000,  -0.00020,
,,,0.097308000000,   0.00000,
,,,0.097312000000,   0.00000,
,,,0.097316000000,   0.00000,
,,,0.097320000000,   0.00000,
,,,0.097324000000,   0.00020,
,,,0.097328000000,   0.00000,
,,,0.097332000000,   0.00020,
,,,0.097336000000,   0.00000,
,,,0.097340000000,  -0.00020,
,,,0.097344000000,  -0.00020,
,,,0.097348000000,   0.00000,
,,,0.097352000000,   0.00020,
,,,0.097356000000,  -0.00040,
,,,0.097360000000,   0.00000,
,,,0.097364000000,   0.00020,
,,,0.097368000000,  -0.00020,
,,,0.097372000000,   0.00020,
,,,0.097376000000,   0.00020,
,,,0.097380000000,  -0.00020,
,,,0.097384000000,   0.00020,
,,,0.097388000000,  -0.00020,
,,,0.097392000000,   0.00000,
,,,0.097396000000,   0.00000,
,,,0.097400000000,   0.00000,
,,,0.097404000000,   0.00020,
,,,0.097408000000,   0.00000,
,,,0.097412000000,   0.00000,
,,,0.097416000000,   0.00000,
,,,0.097420000000,   0.00000,
,,,0.097424000000,   0.00020,
,,,0.097428000000,  -0.00020,
,,,0.097432000000,   0.00000,
,,,0.097436000000,   0.00020,
,,,0.097440000000,   0.00000,
,,,0.097444000000,  -0.00020,
,,,0.097448000000,   0.00000,
,,,0.097452000000,   0.00000,
,,,0.097456000000,  -0.00020,
,,,0.097460000000,   0.00000,
,,,0.097464000000,   0.00020,
,,,0.097468000000,  -0.00020,
,,,0.097472000000,  -0.00020,
,,,0.097476000000,  -0.00020,
,,,0.097480000000,   0.00000,
,,,0.097484000000,   0.00000,
,,,0.097488000000,   0.00000,
,,,0.097492000000,   0.00020,
,,,0.097496000000,  -0.00020,
,,,0.097500000000,   0.00000,
,,,0.097504000000,   0.00000,
,,,0.097508000000,  -0.00020,
,,,0.097512000000,  -0.00020,
,,,0.097516000000,  -0.00020,
,,,0.097520000000,   0.00000,
,,,0.097524000000,   0.00000,
,,,0.097528000000,  -0.00020,
,,,0.097532000000,   0.00000,
,,,0.097536000000,   0.00020,
,,,0.097540000000,  -0.00020,
,,,0.097544000000,  -0.00020,
,,,0.097548000000,   0.00020,
,,,0.097552000000,   0.00000,
,,,0.097556000000,  -0.00040,
,,,0.097560000000,  -0.00020,
,,,0.097564000000,  -0.00020,
,,,0.097568000000,   0.00020,
,,,0.097572000000,  -0.00020,
,,,0.097576000000,   0.00000,
,,,0.097580000000,  -0.00020,
,,,0.097584000000,  -0.00020,
,,,0.097588000000,   0.00020,
,,,0.097592000000,  -0.00020,
,,,0.097596000000,   0.00000,
,,,0.097600000000,  -0.00020,
,,,0.097604000000,   0.00000,
,,,0.097608000000,  -0.00020,
,,,0.097612000000,   0.00000,
,,,0.097616000000,  -0.00020,
,,,0.097620000000,   0.00000,
,,,0.097624000000,   0.00000,
,,,0.097628000000,  -0.00020,
,,,0.097632000000,   0.00020,
,,,0.097636000000,   0.00000,
,,,0.097640000000,  -0.00020,
,,,0.097644000000,   0.00020,
,,,0.097648000000,   0.00000,
,,,0.097652000000,   0.00020,
,,,0.097656000000,   0.00000,
,,,0.097660000000,   0.00000,
,,,0.097664000000,  -0.00020,
,,,0.097668000000,  -0.00020,
,,,0.097672000000,   0.00000,
,,,0.097676000000,   0.00000,
,,,0.097680000000,   0.00000,
,,,0.097684000000,   0.00020,
,,,0.097688000000,  -0.00020,
,,,0.097692000000,  -0.00020,
,,,0.097696000000,  -0.00020,
,,,0.097700000000,  -0.00020,
,,,0.097704000000,  -0.00040,
,,,0.097708000000,   0.00000,
,,,0.097712000000,   0.00000,
,,,0.097716000000,  -0.00020,
,,,0.097720000000,   0.00000,
,,,0.097724000000,  -0.00020,
,,,0.097728000000,   0.00000,
,,,0.097732000000,   0.00020,
,,,0.097736000000,   0.00000,
,,,0.097740000000,   0.00020,
,,,0.097744000000,   0.00020,
,,,0.097748000000,   0.00000,
,,,0.097752000000,   0.00000,
,,,0.097756000000,  -0.00020,
,,,0.097760000000,   0.00000,
,,,0.097764000000,  -0.00020,
,,,0.097768000000,   0.00000,
,,,0.097772000000,   0.00020,
,,,0.097776000000,   0.00020,
,,,0.097780000000,   0.00000,
,,,0.097784000000,   0.00000,
,,,0.097788000000,   0.00000,
,,,0.097792000000,   0.00020,
,,,0.097796000000,  -0.00020,
,,,0.097800000000,   0.00000,
,,,0.097804000000,   0.00000,
,,,0.097808000000,   0.00000,
,,,0.097812000000,  -0.00040,
,,,0.097816000000,   0.00000,
,,,0.097820000000,  -0.00020,
,,,0.097824000000,  -0.00020,
,,,0.097828000000,  -0.00020,
,,,0.097832000000,  -0.00020,
,,,0.097836000000,  -0.00020,
,,,0.097840000000,   0.00000,
,,,0.097844000000,   0.00020,
,,,0.097848000000,  -0.00020,
,,,0.097852000000,  -0.00020,
,,,0.097856000000,  -0.00020,
,,,0.097860000000,   0.00020,
,,,0.097864000000,  -0.00040,
,,,0.097868000000,   0.00000,
,,,0.097872000000,  -0.00020,
,,,0.097876000000,   0.00000,
,,,0.097880000000,  -0.00020,
,,,0.097884000000,   0.00000,
,,,0.097888000000,  -0.00020,
,,,0.097892000000,  -0.00020,
,,,0.097896000000,   0.00000,
,,,0.097900000000,  -0.00040,
,,,0.097904000000,  -0.00040,
,,,0.097908000000,   0.00000,
,,,0.097912000000,   0.00000,
,,,0.097916000000,  -0.00040,
,,,0.097920000000,   0.00000,
,,,0.097924000000,   0.00000,
,,,0.097928000000,  -0.00020,
,,,0.097932000000,   0.00000,
,,,0.097936000000,  -0.00020,
,,,0.097940000000,   0.00000,
,,,0.097944000000,  -0.00020,
,,,0.097948000000,  -0.00040,
,,,0.097952000000,  -0.00020,
,,,0.097956000000,   0.00000,
,,,0.097960000000,  -0.00020,
,,,0.097964000000,  -0.00020,
,,,0.097968000000,   0.00000,
,,,0.097972000000,   0.00000,
,,,0.097976000000,  -0.00040,
,,,0.097980000000,  -0.00020,
,,,0.097984000000,   0.00020,
,,,0.097988000000,   0.00020,
,,,0.097992000000,   0.00000,
,,,0.097996000000,   0.00020,
,,,0.098000000000,   0.00000,
,,,0.098004000000,   0.00020,
,,,0.098008000000,  -0.00020,
,,,0.098012000000,   0.00000,
,,,0.098016000000,  -0.00020,
,,,0.098020000000,  -0.00020,
,,,0.098024000000,   0.00000,
,,,0.098028000000,   0.00000,
,,,0.098032000000,   0.00000,
,,,0.098036000000,   0.00000,
,,,0.098040000000,  -0.00020,
,,,0.098044000000,   0.00000,
,,,0.098048000000,   0.00000,
,,,0.098052000000,   0.00000,
,,,0.098056000000,   0.00000,
,,,0.098060000000,   0.00000,
,,,0.098064000000,  -0.00040,
,,,0.098068000000,   0.00000,
,,,0.098072000000,   0.00000,
,,,0.098076000000,   0.00020,
,,,0.098080000000,  -0.00020,
,,,0.098084000000,  -0.00020,
,,,0.098088000000,   0.00000,
,,,0.098092000000,   0.00020,
,,,0.098096000000,   0.00000,
,,,0.098100000000,   0.00020,
,,,0.098104000000,   0.00000,
,,,0.098108000000,  -0.00020,
,,,0.098112000000,  -0.00020,
,,,0.098116000000,   0.00000,
,,,0.098120000000,   0.00020,
,,,0.098124000000,   0.00000,
,,,0.098128000000,  -0.00020,
,,,0.098132000000,  -0.00020,
,,,0.098136000000,  -0.00020,
,,,0.098140000000,   0.00020,
,,,0.098144000000,  -0.00020,
,,,0.098148000000,  -0.00020,
,,,0.098152000000,   0.00000,
,,,0.098156000000,  -0.00020,
,,,0.098160000000,  -0.00020,
,,,0.098164000000,   0.00020,
,,,0.098168000000,  -0.00020,
,,,0.098172000000,  -0.00020,
,,,0.098176000000,   0.00000,
,,,0.098180000000,   0.00000,
,,,0.098184000000,  -0.00020,
,,,0.098188000000,  -0.00040,
,,,0.098192000000,   0.00000,
,,,0.098196000000,   0.00000,
,,,0.098200000000,   0.00000,
,,,0.098204000000,   0.00000,
,,,0.098208000000,   0.00020,
,,,0.098212000000,   0.00000,
,,,0.098216000000,   0.00000,
,,,0.098220000000,   0.00000,
,,,0.098224000000,  -0.00020,
,,,0.098228000000,   0.00000,
,,,0.098232000000,  -0.00020,
,,,0.098236000000,  -0.00020,
,,,0.098240000000,  -0.00020,
,,,0.098244000000,   0.00000,
,,,0.098248000000,  -0.00020,
,,,0.098252000000,  -0.00020,
,,,0.098256000000,  -0.00020,
,,,0.098260000000,   0.00000,
,,,0.098264000000,  -0.00020,
,,,0.098268000000,   0.00000,
,,,0.098272000000,  -0.00020,
,,,0.098276000000,   0.00000,
,,,0.098280000000,  -0.00020,
,,,0.098284000000,  -0.00020,
,,,0.098288000000,  -0.00040,
,,,0.098292000000,   0.00000,
,,,0.098296000000,   0.00000,
,,,0.098300000000,  -0.00020,
,,,0.098304000000,  -0.00020,
,,,0.098308000000,  -0.00020,
,,,0.098312000000,   0.00020,
,,,0.098316000000,  -0.00020,
,,,0.098320000000,  -0.00040,
,,,0.098324000000,   0.00000,
,,,0.098328000000,   0.00000,
,,,0.098332000000,  -0.00020,
,,,0.098336000000,   0.00020,
,,,0.098340000000,  -0.00020,
,,,0.098344000000,   0.00020,
,,,0.098348000000,  -0.00020,
,,,0.098352000000,   0.00020,
,,,0.098356000000,   0.00020,
,,,0.098360000000,  -0.00020,
,,,0.098364000000,   0.00020,
,,,0.098368000000,  -0.00020,
,,,0.098372000000,   0.00000,
,,,0.098376000000,  -0.00040,
,,,0.098380000000,  -0.00020,
,,,0.098384000000,   0.00000,
,,,0.098388000000,   0.00020,
,,,0.098392000000,  -0.00060,
,,,0.098396000000,   0.00040,
,,,0.098400000000,  -0.00020,
,,,0.098404000000,   0.00000,
,,,0.098408000000,  -0.00020,
,,,0.098412000000,  -0.00040,
,,,0.098416000000,   0.00000,
,,,0.098420000000,  -0.00040,
,,,0.098424000000,   0.00020,
,,,0.098428000000,  -0.00020,
,,,0.098432000000,   0.00000,
,,,0.098436000000,   0.00000,
,,,0.098440000000,  -0.00020,
,,,0.098444000000,   0.00020,
,,,0.098448000000,   0.00000,
,,,0.098452000000,   0.00000,
,,,0.098456000000,  -0.00020,
,,,0.098460000000,  -0.00020,
,,,0.098464000000,   0.00000,
,,,0.098468000000,   0.00000,
,,,0.098472000000,   0.00000,
,,,0.098476000000,   0.00000,
,,,0.098480000000,   0.00000,
,,,0.098484000000,   0.00000,
,,,0.098488000000,  -0.00040,
,,,0.098492000000,  -0.00020,
,,,0.098496000000,  -0.00040,
,,,0.098500000000,  -0.00040,
,,,0.098504000000,   0.00020,
,,,0.098508000000,  -0.00020,
,,,0.098512000000,   0.00000,
,,,0.098516000000,   0.00000,
,,,0.098520000000,   0.00020,
,,,0.098524000000,   0.00020,
,,,0.098528000000,  -0.00020,
,,,0.098532000000,  -0.00040,
,,,0.098536000000,  -0.00020,
,,,0.098540000000,   0.00000,
,,,0.098544000000,   0.00000,
,,,0.098548000000,  -0.00020,
,,,0.098552000000,   0.00000,
,,,0.098556000000,   0.00000,
,,,0.098560000000,   0.00000,
,,,0.098564000000,  -0.00040,
,,,0.098568000000,   0.00000,
,,,0.098572000000,  -0.00040,
,,,0.098576000000,  -0.00020,
,,,0.098580000000,   0.00000,
,,,0.098584000000,   0.00000,
,,,0.098588000000,  -0.00020,
,,,0.098592000000,   0.00000,
,,,0.098596000000,   0.00000,
,,,0.098600000000,  -0.00020,
,,,0.098604000000,  -0.00020,
,,,0.098608000000,  -0.00020,
,,,0.098612000000,   0.00000,
,,,0.098616000000,   0.00000,
,,,0.098620000000,   0.00040,
,,,0.098624000000,  -0.00020,
,,,0.098628000000,   0.00020,
,,,0.098632000000,  -0.00060,
,,,0.098636000000,  -0.00020,
,,,0.098640000000,   0.00020,
,,,0.098644000000,   0.00000,
,,,0.098648000000,  -0.00020,
,,,0.098652000000,   0.00000,
,,,0.098656000000,  -0.00020,
,,,0.098660000000,   0.00000,
,,,0.098664000000,  -0.00020,
,,,0.098668000000,  -0.00020,
,,,0.098672000000,   0.00000,
,,,0.098676000000,  -0.00020,
,,,0.098680000000,   0.00000,
,,,0.098684000000,   0.00000,
,,,0.098688000000,  -0.00020,
,,,0.098692000000,  -0.00020,
,,,0.098696000000,   0.00020,
,,,0.098700000000,  -0.00020,
,,,0.098704000000,   0.00000,
,,,0.098708000000,   0.00000,
,,,0.098712000000,   0.00000,
,,,0.098716000000,   0.00000,
,,,0.098720000000,   0.00020,
,,,0.098724000000,   0.00000,
,,,0.098728000000,   0.00000,
,,,0.098732000000,   0.00020,
,,,0.098736000000,   0.00000,
,,,0.098740000000,  -0.00020,
,,,0.098744000000,   0.00020,
,,,0.098748000000,  -0.00040,
,,,0.098752000000,   0.00020,
,,,0.098756000000,  -0.00020,
,,,0.098760000000,  -0.00020,
,,,0.098764000000,  -0.00040,
,,,0.098768000000,   0.00000,
,,,0.098772000000,  -0.00040,
,,,0.098776000000,  -0.00040,
,,,0.098780000000,   0.00000,
,,,0.098784000000,  -0.00020,
,,,0.098788000000,   0.00000,
,,,0.098792000000,  -0.00040,
,,,0.098796000000,  -0.00020,
,,,0.098800000000,  -0.00020,
,,,0.098804000000,   0.00020,
,,,0.098808000000,   0.00000,
,,,0.098812000000,  -0.00020,
,,,0.098816000000,   0.00000,
,,,0.098820000000,  -0.00020,
,,,0.098824000000,  -0.00020,
,,,0.098828000000,   0.00020,
,,,0.098832000000,   0.00020,
,,,0.098836000000,   0.00000,
,,,0.098840000000,   0.00000,
,,,0.098844000000,   0.00000,
,,,0.098848000000,   0.00000,
,,,0.098852000000,  -0.00020,
,,,0.098856000000,  -0.00020,
,,,0.098860000000,  -0.00020,
,,,0.098864000000,  -0.00020,
,,,0.098868000000,  -0.00040,
,,,0.098872000000,   0.00000,
,,,0.098876000000,   0.00000,
,,,0.098880000000,   0.00000,
,,,0.098884000000,   0.00000,
,,,0.098888000000,  -0.00020,
,,,0.098892000000,   0.00040,
,,,0.098896000000,  -0.00020,
,,,0.098900000000,   0.00020,
,,,0.098904000000,   0.00000,
,,,0.098908000000,  -0.00020,
,,,0.098912000000,  -0.00020,
,,,0.098916000000,  -0.00020,
,,,0.098920000000,  -0.00020,
,,,0.098924000000,   0.00020,
,,,0.098928000000,   0.00000,
,,,0.098932000000,  -0.00020,
,,,0.098936000000,   0.00000,
,,,0.098940000000,  -0.00020,
,,,0.098944000000,  -0.00020,
,,,0.098948000000,   0.00000,
,,,0.098952000000,   0.00000,
,,,0.098956000000,   0.00000,
,,,0.098960000000,   0.00000,
,,,0.098964000000,  -0.00020,
,,,0.098968000000,   0.00000,
,,,0.098972000000,  -0.00020,
,,,0.098976000000,  -0.00020,
,,,0.098980000000,   0.00000,
,,,0.098984000000,   0.00000,
,,,0.098988000000,   0.00000,
,,,0.098992000000,  -0.00020,
,,,0.098996000000,  -0.00020,
,,,0.099000000000,   0.00040,
,,,0.099004000000,  -0.00020,
,,,0.099008000000,   0.00020,
,,,0.099012000000,   0.00000,
,,,0.099016000000,   0.00000,
,,,0.099020000000,   0.00020,
,,,0.099024000000,   0.00020,
,,,0.099028000000,   0.00000,
,,,0.099032000000,   0.00020,
,,,0.099036000000,   0.00000,
,,,0.099040000000,   0.00000,
,,,0.099044000000,   0.00000,
,,,0.099048000000,   0.00020,
,,,0.099052000000,  -0.00060,
,,,0.099056000000,   0.00020,
,,,0.099060000000,  -0.00020,
,,,0.099064000000,   0.00000,
,,,0.099068000000,   0.00020,
,,,0.099072000000,  -0.00040,
,,,0.099076000000,  -0.00020,
,,,0.099080000000,   0.00000,
,,,0.099084000000,   0.00000,
,,,0.099088000000,  -0.00020,
,,,0.099092000000,   0.00000,
,,,0.099096000000,  -0.00020,
,,,0.099100000000,   0.00020,
,,,0.099104000000,  -0.00040,
,,,0.099108000000,   0.00000,
,,,0.099112000000,  -0.00040,
,,,0.099116000000,   0.00020,
,,,0.099120000000,   0.00000,
,,,0.099124000000,   0.00000,
,,,0.099128000000,   0.00020,
,,,0.099132000000,  -0.00060,
,,,0.099136000000,   0.00000,
,,,0.099140000000,   0.00020,
,,,0.099144000000,  -0.00020,
,,,0.099148000000,  -0.00020,
,,,0.099152000000,  -0.00020,
,,,0.099156000000,  -0.00020,
,,,0.099160000000,   0.00000,
,,,0.099164000000,   0.00000,
,,,0.099168000000,  -0.00020,
,,,0.099172000000,  -0.00020,
,,,0.099176000000,   0.00000,
,,,0.099180000000,   0.00000,
,,,0.099184000000,   0.00000,
,,,0.099188000000,  -0.00020,
,,,0.099192000000,   0.00020,
,,,0.099196000000,   0.00020,
,,,0.099200000000,  -0.00020,
,,,0.099204000000,   0.00020,
,,,0.099208000000,  -0.00040,
,,,0.099212000000,   0.00020,
,,,0.099216000000,  -0.00020,
,,,0.099220000000,  -0.00020,
,,,0.099224000000,   0.00000,
,,,0.099228000000,   0.00000,
,,,0.099232000000,  -0.00020,
,,,0.099236000000,   0.00000,
,,,0.099240000000,   0.00000,
,,,0.099244000000,   0.00020,
,,,0.099248000000,   0.00020,
,,,0.099252000000,   0.00000,
,,,0.099256000000,  -0.00020,
,,,0.099260000000,   0.00000,
,,,0.099264000000,   0.00020,
,,,0.099268000000,   0.00000,
,,,0.099272000000,   0.00000,
,,,0.099276000000,   0.00000,
,,,0.099280000000,   0.00000,
,,,0.099284000000,   0.00000,
,,,0.099288000000,   0.00020,
,,,0.099292000000,  -0.00080,
,,,0.099296000000,  -0.00020,
,,,0.099300000000,  -0.00020,
,,,0.099304000000,  -0.00040,
,,,0.099308000000,  -0.00020,
,,,0.099312000000,  -0.00020,
,,,0.099316000000,   0.00020,
,,,0.099320000000,   0.00000,
,,,0.099324000000,  -0.00040,
,,,0.099328000000,  -0.00020,
,,,0.099332000000,   0.00000,
,,,0.099336000000,   0.00000,
,,,0.099340000000,  -0.00020,
,,,0.099344000000,   0.00000,
,,,0.099348000000,  -0.00020,
,,,0.099352000000,  -0.00020,
,,,0.099356000000,   0.00000,
,,,0.099360000000,   0.00020,
,,,0.099364000000,   0.00000,
,,,0.099368000000,  -0.00020,
,,,0.099372000000,   0.00000,
,,,0.099376000000,   0.00000,
,,,0.099380000000,   0.00000,
,,,0.099384000000,  -0.00020,
,,,0.099388000000,  -0.00020,
,,,0.099392000000,  -0.00040,
,,,0.099396000000,   0.00000,
,,,0.099400000000,   0.00000,
,,,0.099404000000,  -0.00020,
,,,0.099408000000,   0.00000,
,,,0.099412000000,   0.00020,
,,,0.099416000000,  -0.00040,
,,,0.099420000000,   0.00000,
,,,0.099424000000,  -0.00020,
,,,0.099428000000,   0.00000,
,,,0.099432000000,   0.00000,
,,,0.099436000000,   0.00020,
,,,0.099440000000,  -0.00020,
,,,0.099444000000,   0.00000,
,,,0.099448000000,   0.00000,
,,,0.099452000000,   0.00020,
,,,0.099456000000,  -0.00020,
,,,0.099460000000,  -0.00020,
,,,0.099464000000,   0.00000,
,,,0.099468000000,   0.00000,
,,,0.099472000000,   0.00020,
,,,0.099476000000,   0.00000,
,,,0.099480000000,  -0.00020,
,,,0.099484000000,  -0.00020,
,,,0.099488000000,   0.00000,
,,,0.099492000000,  -0.00040,
,,,0.099496000000,   0.00020,
,,,0.099500000000,   0.00000,
,,,0.099504000000,   0.00000,
,,,0.099508000000,   0.00000,
,,,0.099512000000,   0.00020,
,,,0.099516000000,  -0.00020,
,,,0.099520000000,   0.00000,
,,,0.099524000000,  -0.00060,
,,,0.099528000000,  -0.00020,
,,,0.099532000000,   0.00000,
,,,0.099536000000,   0.00000,
,,,0.099540000000,   0.00000,
,,,0.099544000000,   0.00000,
,,,0.099548000000,  -0.00020,
,,,0.099552000000,   0.00000,
,,,0.099556000000,  -0.00020,
,,,0.099560000000,   0.00020,
,,,0.099564000000,   0.00000,
,,,0.099568000000,   0.00040,
,,,0.099572000000,  -0.00020,
,,,0.099576000000,   0.00020,
,,,0.099580000000,   0.00000,
,,,0.099584000000,  -0.00020,
,,,0.099588000000,  -0.00020,
,,,0.099592000000,  -0.00020,
,,,0.099596000000,  -0.00040,
,,,0.099600000000,  -0.00020,
,,,0.099604000000,   0.00000,
,,,0.099608000000,   0.00000,
,,,0.099612000000,   0.00000,
,,,0.099616000000,   0.00020,
,,,0.099620000000,  -0.00020,
,,,0.099624000000,  -0.00020,
,,,0.099628000000,   0.00000,
,,,0.099632000000,   0.00020,
,,,0.099636000000,  -0.00040,
,,,0.099640000000,   0.00000,
,,,0.099644000000,  -0.00020,
,,,0.099648000000,  -0.00040,
,,,0.099652000000,   0.00000,
,,,0.099656000000,   0.00020,
,,,0.099660000000,  -0.00020,
,,,0.099664000000,  -0.00040,
,,,0.099668000000,   0.00000,
,,,0.099672000000,  -0.00020,
,,,0.099676000000,  -0.00020,
,,,0.099680000000,   0.00000,
,,,0.099684000000,  -0.00020,
,,,0.099688000000,   0.00000,
,,,0.099692000000,  -0.00040,
,,,0.099696000000,   0.00000,
,,,0.099700000000,   0.00000,
,,,0.099704000000,  -0.00020,
,,,0.099708000000,   0.00020,
,,,0.099712000000,   0.00000,
,,,0.099716000000,  -0.00020,
,,,0.099720000000,   0.00000,
,,,0.099724000000,  -0.00020,
,,,0.099728000000,  -0.00020,
,,,0.099732000000,   0.00000,
,,,0.099736000000,   0.00000,
,,,0.099740000000,   0.00000,
,,,0.099744000000,   0.00000,
,,,0.099748000000,   0.00000,
,,,0.099752000000,   0.00020,
,,,0.099756000000,   0.00000,
,,,0.099760000000,  -0.00020,
,,,0.099764000000,  -0.00020,
,,,0.099768000000,   0.00000,
,,,0.099772000000,  -0.00020,
,,,0.099776000000,   0.00000,
,,,0.099780000000,   0.00020,
,,,0.099784000000,   0.00000,
,,,0.099788000000,   0.00000,
,,,0.099792000000,  -0.00020,
,,,0.099796000000,  -0.00020,
,,,0.099800000000,   0.00020,
,,,0.099804000000,   0.00020,
,,,0.099808000000,   0.00020,
,,,0.099812000000,   0.00000,
,,,0.099816000000,  -0.00020,
,,,0.099820000000,   0.00000,
,,,0.099824000000,   0.00000,
,,,0.099828000000,  -0.00020,
,,,0.099832000000,  -0.00020,
,,,0.099836000000,  -0.00040,
,,,0.099840000000,  -0.00440,
,,,0.099844000000,  -0.00740,
,,,0.099848000000,  -0.00920,
,,,0.099852000000,  -0.00900,
,,,0.099856000000,  -0.00920,
,,,0.099860000000,  -0.00920,
,,,0.099864000000,  -0.00900,
,,,0.099868000000,  -0.00840,
,,,0.099872000000,  -0.00840,
,,,0.099876000000,  -0.00820,
,,,0.099880000000,  -0.00800,
,,,0.099884000000,  -0.00820,
,,,0.099888000000,  -0.00820,
,,,0.099892000000,  -0.00820,
,,,0.099896000000,  -0.00840,
,,,0.099900000000,  -0.00780,
,,,0.099904000000,  -0.00820,
,,,0.099908000000,  -0.00780,
,,,0.099912000000,  -0.00800,
,,,0.099916000000,  -0.00840,
,,,0.099920000000,  -0.00860,
,,,0.099924000000,  -0.00820,
,,,0.099928000000,  -0.00800,
,,,0.099932000000,  -0.00800,
,,,0.099936000000,  -0.00800,
,,,0.099940000000,  -0.00800,
,,,0.099944000000,  -0.00780,
,,,0.099948000000,  -0.00780,
,,,0.099952000000,  -0.00800,
,,,0.099956000000,  -0.00800,
,,,0.099960000000,  -0.00820,
,,,0.099964000000,  -0.00820,
,,,0.099968000000,  -0.00820,
,,,0.099972000000,  -0.00780,
,,,0.099976000000,  -0.00820,
,,,0.099980000000,  -0.00800,
,,,0.099984000000,  -0.00780,
,,,0.099988000000,  -0.00780,
,,,0.099992000000,  -0.00800,
,,,0.099996000000,  -0.00800,
,,,0.100000000000,  -0.00800,
,,,0.100004000000,  -0.00780,
,,,0.100008000000,  -0.00780,
,,,0.100012000000,  -0.00780,
,,,0.100016000000,  -0.00820,
,,,0.100020000000,  -0.00820,
,,,0.100024000000,  -0.00800,
,,,0.100028000000,  -0.00820,
,,,0.100032000000,  -0.00800,
,,,0.100036000000,  -0.00820,
,,,0.100040000000,  -0.00800,
,,,0.100044000000,  -0.00780,
,,,0.100048000000,  -0.00800,
,,,0.100052000000,  -0.00820,
,,,0.100056000000,  -0.00780,
,,,0.100060000000,  -0.00800,
,,,0.100064000000,  -0.00780,
,,,0.100068000000,  -0.00780,
,,,0.100072000000,  -0.00740,
,,,0.100076000000,  -0.00780,
,,,0.100080000000,  -0.00820,
,,,0.100084000000,  -0.00780,
,,,0.100088000000,  -0.00780,
,,,0.100092000000,  -0.00800,
,,,0.100096000000,  -0.00800,
,,,0.100100000000,  -0.00820,
,,,0.100104000000,  -0.00800,
,,,0.100108000000,  -0.00800,
,,,0.100112000000,  -0.00780,
,,,0.100116000000,  -0.00760,
,,,0.100120000000,  -0.00800,
,,,0.100124000000,  -0.00780,
,,,0.100128000000,  -0.00800,
,,,0.100132000000,  -0.00780,
,,,0.100136000000,  -0.00820,
,,,0.100140000000,  -0.00820,
,,,0.100144000000,  -0.00800,
,,,0.100148000000,  -0.00800,
,,,0.100152000000,  -0.00760,
,,,0.100156000000,  -0.00740,
,,,0.100160000000,  -0.00820,
,,,0.100164000000,  -0.00800,
,,,0.100168000000,  -0.00820,
,,,0.100172000000,  -0.00760,
,,,0.100176000000,  -0.00800,
,,,0.100180000000,  -0.00760,
,,,0.100184000000,  -0.00800,
,,,0.100188000000,  -0.00780,
,,,0.100192000000,  -0.00780,
,,,0.100196000000,  -0.00820,
,,,0.100200000000,  -0.00800,
,,,0.100204000000,  -0.00780,
,,,0.100208000000,  -0.00780,
,,,0.100212000000,  -0.00760,
,,,0.100216000000,  -0.00780,
,,,0.100220000000,  -0.00800,
,,,0.100224000000,  -0.00760,
,,,0.100228000000,  -0.00800,
,,,0.100232000000,  -0.00780,
,,,0.100236000000,  -0.00780,
,,,0.100240000000,  -0.00780,
,,,0.100244000000,  -0.00780,
,,,0.100248000000,  -0.00760,
,,,0.100252000000,  -0.00780,
,,,0.100256000000,  -0.00760,
,,,0.100260000000,  -0.00740,
,,,0.100264000000,  -0.00760,
,,,0.100268000000,  -0.00780,
,,,0.100272000000,  -0.00760,
,,,0.100276000000,  -0.00780,
,,,0.100280000000,  -0.00760,
,,,0.100284000000,  -0.00800,
,,,0.100288000000,  -0.00760,
,,,0.100292000000,  -0.00760,
,,,0.100296000000,  -0.00780,
,,,0.100300000000,  -0.00760,
,,,0.100304000000,  -0.00780,
,,,0.100308000000,  -0.00780,
,,,0.100312000000,  -0.00760,
,,,0.100316000000,  -0.00760,
,,,0.100320000000,  -0.00760,
,,,0.100324000000,  -0.00780,
,,,0.100328000000,  -0.00780,
,,,0.100332000000,  -0.00780,
,,,0.100336000000,  -0.00780,
,,,0.100340000000,  -0.00780,
,,,0.100344000000,  -0.00780,
,,,0.100348000000,  -0.00760,
,,,0.100352000000,  -0.00780,
,,,0.100356000000,  -0.00760,
,,,0.100360000000,  -0.00740,
,,,0.100364000000,  -0.00800,
,,,0.100368000000,  -0.00780,
,,,0.100372000000,  -0.00720,
,,,0.100376000000,  -0.00800,
,,,0.100380000000,  -0.00780,
,,,0.100384000000,  -0.00760,
,,,0.100388000000,  -0.00760,
,,,0.100392000000,  -0.00740,
,,,0.100396000000,  -0.00800,
,,,0.100400000000,  -0.00760,
,,,0.100404000000,  -0.00780,
,,,0.100408000000,  -0.00760,
,,,0.100412000000,  -0.00760,
,,,0.100416000000,  -0.00760,
,,,0.100420000000,  -0.00760,
,,,0.100424000000,  -0.00780,
,,,0.100428000000,  -0.00740,
,,,0.100432000000,  -0.00760,
,,,0.100436000000,  -0.00740,
,,,0.100440000000,  -0.00740,
,,,0.100444000000,  -0.00780,
,,,0.100448000000,  -0.00760,
,,,0.100452000000,  -0.00780,
,,,0.100456000000,  -0.00740,
,,,0.100460000000,  -0.00800,
,,,0.100464000000,  -0.00760,
,,,0.100468000000,  -0.00780,
,,,0.100472000000,  -0.00800,
,,,0.100476000000,  -0.00780,
,,,0.100480000000,  -0.00780,
,,,0.100484000000,  -0.00740,
,,,0.100488000000,  -0.00760,
,,,0.100492000000,  -0.00740,
,,,0.100496000000,  -0.00720,
,,,0.100500000000,  -0.00740,
,,,0.100504000000,  -0.00740,
,,,0.100508000000,  -0.00740,
,,,0.100512000000,  -0.00760,
,,,0.100516000000,  -0.00740,
,,,0.100520000000,  -0.00760,
,,,0.100524000000,  -0.00740,
,,,0.100528000000,  -0.00740,
,,,0.100532000000,  -0.00760,
,,,0.100536000000,  -0.00760,
,,,0.100540000000,  -0.00760,
,,,0.100544000000,  -0.00780,
,,,0.100548000000,  -0.00740,
,,,0.100552000000,  -0.00720,
,,,0.100556000000,  -0.00760,
,,,0.100560000000,  -0.00740,
,,,0.100564000000,  -0.00760,
,,,0.100568000000,  -0.00740,
,,,0.100572000000,  -0.00760,
,,,0.100576000000,  -0.00740,
,,,0.100580000000,  -0.00720,
,,,0.100584000000,  -0.00760,
,,,0.100588000000,  -0.00740,
,,,0.100592000000,  -0.00760,
,,,0.100596000000,  -0.00740,
,,,0.100600000000,  -0.00780,
,,,0.100604000000,  -0.00760,
,,,0.100608000000,  -0.00780,
,,,0.100612000000,  -0.00760,
,,,0.100616000000,  -0.00760,
,,,0.100620000000,  -0.00740,
,,,0.100624000000,  -0.00760,
,,,0.100628000000,  -0.00760,
,,,0.100632000000,  -0.00740,
,,,0.100636000000,  -0.00740,
,,,0.100640000000,  -0.00720,
,,,0.100644000000,  -0.00740,
,,,0.100648000000,  -0.00760,
,,,0.100652000000,  -0.00760,
,,,0.100656000000,  -0.00740,
,,,0.100660000000,  -0.00780,
,,,0.100664000000,  -0.00760,
,,,0.100668000000,  -0.00760,
,,,0.100672000000,  -0.00720,
,,,0.100676000000,  -0.00740,
,,,0.100680000000,  -0.00740,
,,,0.100684000000,  -0.00740,
,,,0.100688000000,  -0.00740,
,,,0.100692000000,  -0.00760,
,,,0.100696000000,  -0.00740,
,,,0.100700000000,  -0.00700,
,,,0.100704000000,  -0.00760,
,,,0.100708000000,  -0.00680,
,,,0.100712000000,  -0.00740,
,,,0.100716000000,  -0.00740,
,,,0.100720000000,  -0.00740,
,,,0.100724000000,  -0.00700,
,,,0.100728000000,  -0.00740,
,,,0.100732000000,  -0.00720,
,,,0.100736000000,  -0.00720,
,,,0.100740000000,  -0.00760,
,,,0.100744000000,  -0.00740,
,,,0.100748000000,  -0.00720,
,,,0.100752000000,  -0.00740,
,,,0.100756000000,  -0.00720,
,,,0.100760000000,  -0.00720,
,,,0.100764000000,  -0.00720,
,,,0.100768000000,  -0.00720,
,,,0.100772000000,  -0.00740,
,,,0.100776000000,  -0.00740,
,,,0.100780000000,  -0.00740,
,,,0.100784000000,  -0.00740,
,,,0.100788000000,  -0.00740,
,,,0.100792000000,  -0.00740,
,,,0.100796000000,  -0.00740,
,,,0.100800000000,  -0.00720,
,,,0.100804000000,  -0.00720,
,,,0.100808000000,  -0.00760,
,,,0.100812000000,  -0.00740,
,,,0.100816000000,  -0.00720,
,,,0.100820000000,  -0.00720,
,,,0.100824000000,  -0.00740,
,,,0.100828000000,  -0.00720,
,,,0.100832000000,  -0.00740,
,,,0.100836000000,  -0.00740,
,,,0.100840000000,  -0.00740,
,,,0.100844000000,  -0.00720,
,,,0.100848000000,  -0.00720,
,,,0.100852000000,  -0.00720,
,,,0.100856000000,  -0.00740,
,,,0.100860000000,  -0.00700,
,,,0.100864000000,  -0.00700,
,,,0.100868000000,  -0.00740,
,,,0.100872000000,  -0.00740,
,,,0.100876000000,  -0.00700,
,,,0.100880000000,  -0.00740,
,,,0.100884000000,  -0.00760,
,,,0.100888000000,  -0.00720,
,,,0.100892000000,  -0.00720,
,,,0.100896000000,  -0.00700,
,,,0.100900000000,  -0.00760,
,,,0.100904000000,  -0.00720,
,,,0.100908000000,  -0.00700,
,,,0.100912000000,  -0.00700,
,,,0.100916000000,  -0.00720,
,,,0.100920000000,  -0.00740,
,,,0.100924000000,  -0.00720,
,,,0.100928000000,  -0.00700,
,,,0.100932000000,  -0.00740,
,,,0.100936000000,  -0.00720,
,,,0.100940000000,  -0.00700,
,,,0.100944000000,  -0.00760,
,,,0.100948000000,  -0.00740,
,,,0.100952000000,  -0.00720,
,,,0.100956000000,  -0.00700,
,,,0.100960000000,  -0.00720,
,,,0.100964000000,  -0.00720,
,,,0.100968000000,  -0.00740,
,,,0.100972000000,  -0.00700,
,,,0.100976000000,  -0.00760,
,,,0.100980000000,  -0.00720,
,,,0.100984000000,  -0.00700,
,,,0.100988000000,  -0.00840,
,,,0.100992000000,  -0.01080,
,,,0.100996000000,  -0.01220,
,,,0.101000000000,  -0.01300,
,,,0.101004000000,  -0.01300,
,,,0.101008000000,  -0.01420,
,,,0.101012000000,  -0.01380,
,,,0.101016000000,  -0.01360,
,,,0.101020000000,  -0.01340,
,,,0.101024000000,  -0.01380,
,,,0.101028000000,  -0.01300,
,,,0.101032000000,  -0.01160,
,,,0.101036000000,  -0.01160,
,,,0.101040000000,  -0.01160,
,,,0.101044000000,  -0.01140,
,,,0.101048000000,  -0.01160,
,,,0.101052000000,  -0.01160,
,,,0.101056000000,  -0.01200,
,,,0.101060000000,  -0.01180,
,,,0.101064000000,  -0.01200,
,,,0.101068000000,  -0.01180,
,,,0.101072000000,  -0.01160,
,,,0.101076000000,  -0.01160,
,,,0.101080000000,  -0.01120,
,,,0.101084000000,  -0.01140,
,,,0.101088000000,  -0.01160,
,,,0.101092000000,  -0.01160,
,,,0.101096000000,  -0.01180,
,,,0.101100000000,  -0.01140,
,,,0.101104000000,  -0.01140,
,,,0.101108000000,  -0.01140,
,,,0.101112000000,  -0.01160,
,,,0.101116000000,  -0.01120,
,,,0.101120000000,  -0.01180,
,,,0.101124000000,  -0.01180,
,,,0.101128000000,  -0.01140,
,,,0.101132000000,  -0.01160,
,,,0.101136000000,  -0.01140,
,,,0.101140000000,  -0.01160,
,,,0.101144000000,  -0.01160,
,,,0.101148000000,  -0.01140,
,,,0.101152000000,  -0.01140,
,,,0.101156000000,  -0.01140,
,,,0.101160000000,  -0.01160,
,,,0.101164000000,  -0.01140,
,,,0.101168000000,  -0.01140,
,,,0.101172000000,  -0.01140,
,,,0.101176000000,  -0.01140,
,,,0.101180000000,  -0.01120,
,,,0.101184000000,  -0.01160,
,,,0.101188000000,  -0.01160,
,,,0.101192000000,  -0.01160,
,,,0.101196000000,  -0.01160,
,,,0.101200000000,  -0.01140,
,,,0.101204000000,  -0.01120,
,,,0.101208000000,  -0.01160,
,,,0.101212000000,  -0.01140,
,,,0.101216000000,  -0.01100,
,,,0.101220000000,  -0.01140,
,,,0.101224000000,  -0.00960,
,,,0.101228000000,  -0.00600,
,,,0.101232000000,  -0.00340,
,,,0.101236000000,  -0.00160,
,,,0.101240000000,  -0.00020,
,,,0.101244000000,   0.00140,
,,,0.101248000000,   0.00220,
,,,0.101252000000,   0.00240,
,,,0.101256000000,   0.00340,
,,,0.101260000000,   0.00420,
,,,0.101264000000,   0.00400,
,,,0.101268000000,   0.00380,
,,,0.101272000000,   0.00420,
,,,0.101276000000,   0.00400,
,,,0.101280000000,   0.00440,
,,,0.101284000000,   0.00380,
,,,0.101288000000,   0.00360,
,,,0.101292000000,   0.00420,
,,,0.101296000000,   0.00440,
,,,0.101300000000,   0.00420,
,,,0.101304000000,   0.00380,
,,,0.101308000000,   0.00340,
,,,0.101312000000,   0.00260,
,,,0.101316000000,   0.00220,
,,,0.101320000000,   0.00180,
,,,0.101324000000,   0.00140,
,,,0.101328000000,   0.00120,
,,,0.101332000000,   0.00080,
,,,0.101336000000,   0.00060,
,,,0.101340000000,  -0.00020,
,,,0.101344000000,  -0.00040,
,,,0.101348000000,   0.00000,
,,,0.101352000000,  -0.00060,
,,,0.101356000000,  -0.00080,
,,,0.101360000000,  -0.00120,
,,,0.101364000000,  -0.00060,
,,,0.101368000000,  -0.00080,
,,,0.101372000000,  -0.00140,
,,,0.101376000000,  -0.00120,
,,,0.101380000000,  -0.00080,
,,,0.101384000000,  -0.00080,
,,,0.101388000000,  -0.00040,
,,,0.101392000000,  -0.00040,
,,,0.101396000000,   0.00020,
,,,0.101400000000,   0.00020,
,,,0.101404000000,   0.00060,
,,,0.101408000000,   0.00000,
,,,0.101412000000,   0.00060,
,,,0.101416000000,   0.00080,
,,,0.101420000000,   0.00100,
,,,0.101424000000,   0.00140,
,,,0.101428000000,   0.00120,
,,,0.101432000000,   0.00100,
,,,0.101436000000,   0.00180,
,,,0.101440000000,   0.00120,
,,,0.101444000000,   0.00100,
,,,0.101448000000,   0.00140,
,,,0.101452000000,   0.00120,
,,,0.101456000000,   0.00220,
,,,0.101460000000,   0.00160,
,,,0.101464000000,   0.00120,
,,,0.101468000000,   0.00120,
,,,0.101472000000,   0.00180,
,,,0.101476000000,   0.00180,
,,,0.101480000000,   0.00160,
,,,0.101484000000,   0.00160,
,,,0.101488000000,   0.00080,
,,,0.101492000000,   0.00060,
,,,0.101496000000,   0.00040,
,,,0.101500000000,   0.00000,
,,,0.101504000000,  -0.00040,
,,,0.101508000000,  -0.00060,
,,,0.101512000000,  -0.00080,
,,,0.101516000000,  -0.00120,
,,,0.101520000000,  -0.00120,
,,,0.101524000000,  -0.00200,
,,,0.101528000000,  -0.00300,
,,,0.101532000000,  -0.00360,
,,,0.101536000000,  -0.00320,
,,,0.101540000000,  -0.00420,
,,,0.101544000000,  -0.00520,
,,,0.101548000000,  -0.00540,
,,,0.101552000000,  -0.00580,
,,,0.101556000000,  -0.00540,
,,,0.101560000000,  -0.00580,
,,,0.101564000000,  -0.00600,
,,,0.101568000000,  -0.00640,
,,,0.101572000000,  -0.00620,
,,,0.101576000000,  -0.00520,
,,,0.101580000000,  -0.00540,
,,,0.101584000000,  -0.00560,
,,,0.101588000000,  -0.00560,
,,,0.101592000000,  -0.00500,
,,,0.101596000000,  -0.00500,
,,,0.101600000000,  -0.00400,
,,,0.101604000000,  -0.00320,
,,,0.101608000000,  -0.00360,
,,,0.101612000000,  -0.00280,
,,,0.101616000000,  -0.00320,
,,,0.101620000000,  -0.00200,
,,,0.101624000000,  -0.00260,
,,,0.101628000000,  -0.00140,
,,,0.101632000000,  -0.00100,
,,,0.101636000000,  -0.00040,
,,,0.101640000000,   0.00040,
,,,0.101644000000,   0.00140,
,,,0.101648000000,   0.00180,
,,,0.101652000000,   0.00300,
,,,0.101656000000,   0.00320,
,,,0.101660000000,   0.00300,
,,,0.101664000000,   0.00440,
,,,0.101668000000,   0.00520,
,,,0.101672000000,   0.00540,
,,,0.101676000000,   0.00560,
,,,0.101680000000,   0.00620,
,,,0.101684000000,   0.00660,
,,,0.101688000000,   0.00700,
,,,0.101692000000,   0.00700,
,,,0.101696000000,   0.00740,
,,,0.101700000000,   0.00780,
,,,0.101704000000,   0.00760,
,,,0.101708000000,   0.00780,
,,,0.101712000000,   0.00640,
,,,0.101716000000,   0.00700,
,,,0.101720000000,   0.00580,
,,,0.101724000000,   0.00620,
,,,0.101728000000,   0.00620,
,,,0.101732000000,   0.00500,
,,,0.101736000000,   0.00480,
,,,0.101740000000,   0.00440,
,,,0.101744000000,   0.00360,
,,,0.101748000000,   0.00360,
,,,0.101752000000,   0.00260,
,,,0.101756000000,   0.00220,
,,,0.101760000000,   0.00080,
,,,0.101764000000,   0.00080,
,,,0.101768000000,   0.00040,
,,,0.101772000000,  -0.00060,
,,,0.101776000000,  -0.00100,
,,,0.101780000000,  -0.00220,
,,,0.101784000000,  -0.00240,
,,,0.101788000000,  -0.00380,
,,,0.101792000000,  -0.00420,
,,,0.101796000000,  -0.00520,
,,,0.101800000000,  -0.00580,
,,,0.101804000000,  -0.00600,
,,,0.101808000000,  -0.00680,
,,,0.101812000000,  -0.00700,
,,,0.101816000000,  -0.00720,
,,,0.101820000000,  -0.00780,
,,,0.101824000000,  -0.00780,
,,,0.101828000000,  -0.00800,
,,,0.101832000000,  -0.00840,
,,,0.101836000000,  -0.00840,
,,,0.101840000000,  -0.00840,
,,,0.101844000000,  -0.00780,
,,,0.101848000000,  -0.00780,
,,,0.101852000000,  -0.00720,
,,,0.101856000000,  -0.00660,
,,,0.101860000000,  -0.00640,
,,,0.101864000000,  -0.00660,
,,,0.101868000000,  -0.00560,
,,,0.101872000000,  -0.00520,
,,,0.101876000000,  -0.00480,
,,,0.101880000000,  -0.00340,
,,,0.101884000000,  -0.00240,
,,,0.101888000000,  -0.00220,
,,,0.101892000000,  -0.00200,
,,,0.101896000000,  -0.00080,
,,,0.101900000000,  -0.00020,
,,,0.101904000000,   0.00060,
,,,0.101908000000,   0.00100,
,,,0.101912000000,   0.00200,
,,,0.101916000000,   0.00280,
,,,0.101920000000,   0.00380,
,,,0.101924000000,   0.00480,
,,,0.101928000000,   0.00420,
,,,0.101932000000,   0.00500,
,,,0.101936000000,   0.00580,
,,,0.101940000000,   0.00600,
,,,0.101944000000,   0.00640,
,,,0.101948000000,   0.00700,
,,,0.101952000000,   0.00800,
,,,0.101956000000,   0.00760,
,,,0.101960000000,   0.00800,
,,,0.101964000000,   0.00760,
,,,0.101968000000,   0.00780,
,,,0.101972000000,   0.00760,
,,,0.101976000000,   0.00760,
,,,0.101980000000,   0.00720,
,,,0.101984000000,   0.00640,
,,,0.101988000000,   0.00600,
,,,0.101992000000,   0.00540,
,,,0.101996000000,   0.00480,
,,,0.102000000000,   0.00400,
,,,0.102004000000,   0.00300,
,,,0.102008000000,   0.00240,
,,,0.102012000000,   0.00180,
,,,0.102016000000,   0.00060,
,,,0.102020000000,  -0.00040,
,,,0.102024000000,  -0.00160,
,,,0.102028000000,  -0.00240,
,,,0.102032000000,  -0.00320,
,,,0.102036000000,  -0.00380,
,,,0.102040000000,  -0.00440,
,,,0.102044000000,  -0.00500,
,,,0.102048000000,  -0.00600,
,,,0.102052000000,  -0.00680,
,,,0.102056000000,  -0.00780,
,,,0.102060000000,  -0.00800,
,,,0.102064000000,  -0.00780,
,,,0.102068000000,  -0.00880,
,,,0.102072000000,  -0.00900,
,,,0.102076000000,  -0.00840,
,,,0.102080000000,  -0.00800,
,,,0.102084000000,  -0.00760,
,,,0.102088000000,  -0.00720,
,,,0.102092000000,  -0.00740,
,,,0.102096000000,  -0.00660,
,,,0.102100000000,  -0.00580,
,,,0.102104000000,  -0.00540,
,,,0.102108000000,  -0.00480,
,,,0.102112000000,  -0.00380,
,,,0.102116000000,  -0.00280,
,,,0.102120000000,  -0.00240,
,,,0.102124000000,  -0.00080,
,,,0.102128000000,   0.00000,
,,,0.102132000000,   0.00120,
,,,0.102136000000,   0.00240,
,,,0.102140000000,   0.00300,
,,,0.102144000000,   0.00440,
,,,0.102148000000,   0.00520,
,,,0.102152000000,   0.00600,
,,,0.102156000000,   0.00680,
,,,0.102160000000,   0.00780,
,,,0.102164000000,   0.00800,
,,,0.102168000000,   0.00820,
,,,0.102172000000,   0.00860,
,,,0.102176000000,   0.00840,
,,,0.102180000000,   0.00840,
,,,0.102184000000,   0.00840,
,,,0.102188000000,   0.00800,
,,,0.102192000000,   0.00820,
,,,0.102196000000,   0.00720,
,,,0.102200000000,   0.00680,
,,,0.102204000000,   0.00580,
,,,0.102208000000,   0.00600,
,,,0.102212000000,   0.00460,
,,,0.102216000000,   0.00380,
,,,0.102220000000,   0.00280,
,,,0.102224000000,   0.00200,
,,,0.102228000000,   0.00100,
,,,0.102232000000,  -0.00020,
,,,0.102236000000,  -0.00120,
,,,0.102240000000,  -0.00200,
,,,0.102244000000,  -0.00280,
,,,0.102248000000,  -0.00380,
,,,0.102252000000,  -0.00480,
,,,0.102256000000,  -0.00560,
,,,0.102260000000,  -0.00620,
,,,0.102264000000,  -0.00680,
,,,0.102268000000,  -0.00800,
,,,0.102272000000,  -0.00800,
,,,0.102276000000,  -0.00840,
,,,0.102280000000,  -0.00820,
,,,0.102284000000,  -0.00880,
,,,0.102288000000,  -0.00820,
,,,0.102292000000,  -0.00820,
,,,0.102296000000,  -0.00760,
,,,0.102300000000,  -0.00840,
,,,0.102304000000,  -0.00720,
,,,0.102308000000,  -0.00600,
,,,0.102312000000,  -0.00560,
,,,0.102316000000,  -0.00540,
,,,0.102320000000,  -0.00440,
,,,0.102324000000,  -0.00340,
,,,0.102328000000,  -0.00300,
,,,0.102332000000,  -0.00200,
,,,0.102336000000,  -0.00100,
,,,0.102340000000,   0.00000,
,,,0.102344000000,   0.00040,
,,,0.102348000000,   0.00140,
,,,0.102352000000,   0.00240,
,,,0.102356000000,   0.00260,
,,,0.102360000000,   0.00300,
,,,0.102364000000,   0.00380,
,,,0.102368000000,   0.00460,
,,,0.102372000000,   0.00520,
,,,0.102376000000,   0.00580,
,,,0.102380000000,   0.00580,
,,,0.102384000000,   0.00640,
,,,0.102388000000,   0.00680,
,,,0.102392000000,   0.00720,
,,,0.102396000000,   0.00680,
,,,0.102400000000,   0.00560,
,,,0.102404000000,   0.00620,
,,,0.102408000000,   0.00540,
,,,0.102412000000,   0.00620,
,,,0.102416000000,   0.00600,
,,,0.102420000000,   0.00540,
,,,0.102424000000,   0.00460,
,,,0.102428000000,   0.00420,
,,,0.102432000000,   0.00380,
,,,0.102436000000,   0.00300,
,,,0.102440000000,   0.00240,
,,,0.102444000000,   0.00160,
,,,0.102448000000,   0.00160,
,,,0.102452000000,   0.00100,
,,,0.102456000000,   0.00040,
,,,0.102460000000,   0.00000,
,,,0.102464000000,  -0.00060,
,,,0.102468000000,  -0.00160,
,,,0.102472000000,  -0.00180,
,,,0.102476000000,  -0.00280,
,,,0.102480000000,  -0.00320,
,,,0.102484000000,  -0.00360,
,,,0.102488000000,  -0.00340,
,,,0.102492000000,  -0.00380,
,,,0.102496000000,  -0.00440,
,,,0.102500000000,  -0.00480,
,,,0.102504000000,  -0.00540,
,,,0.102508000000,  -0.00480,
,,,0.102512000000,  -0.00500,
,,,0.102516000000,  -0.00480,
,,,0.102520000000,  -0.00460,
,,,0.102524000000,  -0.00480,
,,,0.102528000000,  -0.00500,
,,,0.102532000000,  -0.00420,
,,,0.102536000000,  -0.00440,
,,,0.102540000000,  -0.00400,
,,,0.102544000000,  -0.00460,
,,,0.102548000000,  -0.00360,
,,,0.102552000000,  -0.00420,
,,,0.102556000000,  -0.00300,
,,,0.102560000000,  -0.00240,
,,,0.102564000000,  -0.00220,
,,,0.102568000000,  -0.00260,
,,,0.102572000000,  -0.00120,
,,,0.102576000000,  -0.00120,
,,,0.102580000000,  -0.00060,
,,,0.102584000000,  -0.00040,
,,,0.102588000000,   0.00060,
,,,0.102592000000,   0.00060,
,,,0.102596000000,   0.00160,
,,,0.102600000000,   0.00200,
,,,0.102604000000,   0.00240,
,,,0.102608000000,   0.00240,
,,,0.102612000000,   0.00280,
,,,0.102616000000,   0.00360,
,,,0.102620000000,   0.00420,
,,,0.102624000000,   0.00300,
,,,0.102628000000,   0.00400,
,,,0.102632000000,   0.00360,
,,,0.102636000000,   0.00360,
,,,0.102640000000,   0.00360,
,,,0.102644000000,   0.00320,
,,,0.102648000000,   0.00420,
,,,0.102652000000,   0.00420,
,,,0.102656000000,   0.00340,
,,,0.102660000000,   0.00300,
,,,0.102664000000,   0.00320,
,,,0.102668000000,   0.00300,
,,,0.102672000000,   0.00240,
,,,0.102676000000,   0.00280,
,,,0.102680000000,   0.00300,
,,,0.102684000000,   0.00300,
,,,0.102688000000,   0.00200,
,,,0.102692000000,   0.00160,
,,,0.102696000000,   0.00140,
,,,0.102700000000,   0.00120,
,,,0.102704000000,   0.00040,
,,,0.102708000000,   0.00040,
,,,0.102712000000,   0.00020,
,,,0.102716000000,  -0.00040,
,,,0.102720000000,  -0.00120,
,,,0.102724000000,  -0.00160,
,,,0.102728000000,  -0.00180,
,,,0.102732000000,  -0.00180,
,,,0.102736000000,  -0.00160,
,,,0.102740000000,  -0.00240,
,,,0.102744000000,  -0.00260,
,,,0.102748000000,  -0.00300,
,,,0.102752000000,  -0.00280,
,,,0.102756000000,  -0.00300,
,,,0.102760000000,  -0.00320,
,,,0.102764000000,  -0.00320,
,,,0.102768000000,  -0.00300,
,,,0.102772000000,  -0.00240,
,,,0.102776000000,  -0.00220,
,,,0.102780000000,  -0.00240,
,,,0.102784000000,  -0.00240,
,,,0.102788000000,  -0.00260,
,,,0.102792000000,  -0.00260,
,,,0.102796000000,  -0.00240,
,,,0.102800000000,  -0.00220,
,,,0.102804000000,  -0.00160,
,,,0.102808000000,  -0.00120,
,,,0.102812000000,  -0.00060,
,,,0.102816000000,  -0.00080,
,,,0.102820000000,  -0.00080,
,,,0.102824000000,  -0.00100,
,,,0.102828000000,  -0.00020,
,,,0.102832000000,  -0.00020,
,,,0.102836000000,   0.00000,
,,,0.102840000000,   0.00060,
,,,0.102844000000,   0.00020,
,,,0.102848000000,   0.00060,
,,,0.102852000000,   0.00100,
,,,0.102856000000,   0.00080,
,,,0.102860000000,   0.00080,
,,,0.102864000000,   0.00120,
,,,0.102868000000,   0.00120,
,,,0.102872000000,   0.00220,
,,,0.102876000000,   0.00200,
,,,0.102880000000,   0.00200,
,,,0.102884000000,   0.00220,
,,,0.102888000000,   0.00280,
,,,0.102892000000,   0.00280,
,,,0.102896000000,   0.00280,
,,,0.102900000000,   0.00240,
,,,0.102904000000,   0.00180,
,,,0.102908000000,   0.00220,
,,,0.102912000000,   0.00180,
,,,0.102916000000,   0.00180,
,,,0.102920000000,   0.00140,
,,,0.102924000000,   0.00080,
,,,0.102928000000,   0.00100,
,,,0.102932000000,   0.00100,
,,,0.102936000000,   0.00100,
,,,0.102940000000,   0.00120,
,,,0.102944000000,   0.00040,
,,,0.102948000000,   0.00020,
,,,0.102952000000,   0.00040,
,,,0.102956000000,   0.00020,
,,,0.102960000000,   0.00020,
,,,0.102964000000,  -0.00040,
,,,0.102968000000,  -0.00040,
,,,0.102972000000,  -0.00020,
,,,0.102976000000,   0.00000,
,,,0.102980000000,  -0.00060,
,,,0.102984000000,  -0.00080,
,,,0.102988000000,  -0.00020,
,,,0.102992000000,  -0.00060,
,,,0.102996000000,  -0.00040,
,,,0.103000000000,  -0.00080,
,,,0.103004000000,  -0.00100,
,,,0.103008000000,  -0.00140,
,,,0.103012000000,  -0.00160,
,,,0.103016000000,  -0.00060,
,,,0.103020000000,  -0.00060,
,,,0.103024000000,  -0.00120,
,,,0.103028000000,  -0.00120,
,,,0.103032000000,  -0.00140,
,,,0.103036000000,  -0.00140,
,,,0.103040000000,  -0.00140,
,,,0.103044000000,  -0.00080,
,,,0.103048000000,  -0.00080,
,,,0.103052000000,  -0.00060,
,,,0.103056000000,  -0.00040,
,,,0.103060000000,  -0.00040,
,,,0.103064000000,  -0.00020,
,,,0.103068000000,   0.00020,
,,,0.103072000000,   0.00000,
,,,0.103076000000,   0.00020,
,,,0.103080000000,  -0.00020,
,,,0.103084000000,   0.00000,
,,,0.103088000000,  -0.00060,
,,,0.103092000000,   0.00000,
,,,0.103096000000,   0.00020,
,,,0.103100000000,  -0.00040,
,,,0.103104000000,   0.00000,
,,,0.103108000000,   0.00000,
,,,0.103112000000,   0.00020,
,,,0.103116000000,   0.00020,
,,,0.103120000000,   0.00020,
,,,0.103124000000,   0.00020,
,,,0.103128000000,  -0.00020,
,,,0.103132000000,  -0.00020,
,,,0.103136000000,   0.00000,
,,,0.103140000000,   0.00000,
,,,0.103144000000,   0.00000,
,,,0.103148000000,   0.00020,
,,,0.103152000000,   0.00060,
,,,0.103156000000,   0.00020,
,,,0.103160000000,   0.00020,
,,,0.103164000000,   0.00020,
,,,0.103168000000,  -0.00020,
,,,0.103172000000,   0.00020,
,,,0.103176000000,   0.00000,
,,,0.103180000000,   0.00000,
,,,0.103184000000,   0.00040,
,,,0.103188000000,   0.00040,
,,,0.103192000000,  -0.00040,
,,,0.103196000000,   0.00000,
,,,0.103200000000,  -0.00020,
,,,0.103204000000,   0.00000,
,,,0.103208000000,   0.00020,
,,,0.103212000000,  -0.00080,
,,,0.103216000000,  -0.00080,
,,,0.103220000000,  -0.00040,
,,,0.103224000000,   0.00000,
,,,0.103228000000,  -0.00020,
,,,0.103232000000,  -0.00020,
,,,0.103236000000,  -0.00080,
,,,0.103240000000,  -0.00020,
,,,0.103244000000,   0.00000,
,,,0.103248000000,  -0.00040,
,,,0.103252000000,  -0.00040,
,,,0.103256000000,   0.00020,
,,,0.103260000000,   0.00000,
,,,0.103264000000,   0.00000,
,,,0.103268000000,   0.00000,
,,,0.103272000000,   0.00020,
,,,0.103276000000,  -0.00020,
,,,0.103280000000,   0.00000,
,,,0.103284000000,   0.00020,
,,,0.103288000000,   0.00020,
,,,0.103292000000,   0.00060,
,,,0.103296000000,   0.00020,
,,,0.103300000000,   0.00020,
,,,0.103304000000,   0.00020,
,,,0.103308000000,   0.00000,
,,,0.103312000000,  -0.00020,
,,,0.103316000000,  -0.00020,
,,,0.103320000000,  -0.00060,
,,,0.103324000000,  -0.00060,
,,,0.103328000000,   0.00020,
,,,0.103332000000,   0.00020,
,,,0.103336000000,   0.00020,
,,,0.103340000000,  -0.00040,
,,,0.103344000000,  -0.00020,
,,,0.103348000000,   0.00040,
,,,0.103352000000,   0.00020,
,,,0.103356000000,  -0.00040,
,,,0.103360000000,   0.00000,
,,,0.103364000000,  -0.00040,
,,,0.103368000000,  -0.00020,
,,,0.103372000000,  -0.00020,
,,,0.103376000000,  -0.00040,
,,,0.103380000000,  -0.00060,
,,,0.103384000000,  -0.00080,
,,,0.103388000000,  -0.00080,
,,,0.103392000000,  -0.00040,
,,,0.103396000000,   0.00000,
,,,0.103400000000,  -0.00060,
,,,0.103404000000,  -0.00100,
,,,0.103408000000,   0.00000,
,,,0.103412000000,   0.00040,
,,,0.103416000000,  -0.00040,
,,,0.103420000000,   0.00000,
,,,0.103424000000,  -0.00100,
,,,0.103428000000,  -0.00040,
,,,0.103432000000,  -0.00020,
,,,0.103436000000,  -0.00060,
,,,0.103440000000,  -0.00060,
,,,0.103444000000,  -0.00060,
,,,0.103448000000,   0.00000,
,,,0.103452000000,  -0.00060,
,,,0.103456000000,  -0.00020,
,,,0.103460000000,   0.00000,
,,,0.103464000000,   0.00000,
,,,0.103468000000,   0.00020,
,,,0.103472000000,  -0.00020,
,,,0.103476000000,   0.00060,
,,,0.103480000000,   0.00000,
,,,0.103484000000,   0.00020,
,,,0.103488000000,   0.00020,
,,,0.103492000000,   0.00000,
,,,0.103496000000,   0.00020,
,,,0.103500000000,   0.00020,
,,,0.103504000000,   0.00020,
,,,0.103508000000,   0.00020,
,,,0.103512000000,   0.00000,
,,,0.103516000000,   0.00020,
,,,0.103520000000,  -0.00020,
,,,0.103524000000,   0.00040,
,,,0.103528000000,   0.00000,
,,,0.103532000000,   0.00060,
,,,0.103536000000,   0.00020,
,,,0.103540000000,   0.00040,
,,,0.103544000000,   0.00000,
,,,0.103548000000,   0.00000,
,,,0.103552000000,   0.00020,
,,,0.103556000000,   0.00000,
,,,0.103560000000,   0.00020,
,,,0.103564000000,   0.00000,
,,,0.103568000000,   0.00000,
,,,0.103572000000,  -0.00020,
,,,0.103576000000,   0.00000,
,,,0.103580000000,   0.00020,
,,,0.103584000000,  -0.00020,
,,,0.103588000000,   0.00080,
,,,0.103592000000,   0.00060,
,,,0.103596000000,   0.00000,
,,,0.103600000000,  -0.00020,
,,,0.103604000000,  -0.00100,
,,,0.103608000000,   0.00000,
,,,0.103612000000,  -0.00020,
,,,0.103616000000,  -0.00080,
,,,0.103620000000,  -0.00040,
,,,0.103624000000,  -0.00020,
,,,0.103628000000,  -0.00020,
,,,0.103632000000,  -0.00020,
,,,0.103636000000,  -0.00040,
,,,0.103640000000,  -0.00060,
,,,0.103644000000,   0.00020,
,,,0.103648000000,  -0.00040,
,,,0.103652000000,  -0.00040,
,,,0.103656000000,  -0.00080,
,,,0.103660000000,  -0.00060,
,,,0.103664000000,  -0.00020,
,,,0.103668000000,  -0.00040,
,,,0.103672000000,  -0.00040,
,,,0.103676000000,  -0.00020,
,,,0.103680000000,   0.00000,
,,,0.103684000000,   0.00000,
,,,0.103688000000,   0.00000,
,,,0.103692000000,   0.00000,
,,,0.103696000000,   0.00000,
,,,0.103700000000,   0.00000,
,,,0.103704000000,  -0.00040,
,,,0.103708000000,  -0.00020,
,,,0.103712000000,   0.00000,
,,,0.103716000000,  -0.00040,
,,,0.103720000000,   0.00020,
,,,0.103724000000,  -0.00040,
,,,0.103728000000,  -0.00060,
,,,0.103732000000,  -0.00020,
,,,0.103736000000,   0.00020,
,,,0.103740000000,   0.00020,
,,,0.103744000000,  -0.00080,
,,,0.103748000000,  -0.00020,
,,,0.103752000000,   0.00000,
,,,0.103756000000,   0.00040,
,,,0.103760000000,   0.00020,
,,,0.103764000000,  -0.00020,
,,,0.103768000000,  -0.00020,
,,,0.103772000000,   0.00040,
,,,0.103776000000,   0.00020,
,,,0.103780000000,   0.00020,
,,,0.103784000000,   0.00020,
,,,0.103788000000,   0.00020,
,,,0.103792000000,   0.00040,
,,,0.103796000000,   0.00020,
,,,0.103800000000,  -0.00020,
,,,0.103804000000,   0.00000,
,,,0.103808000000,  -0.00060,
,,,0.103812000000,  -0.00060,
,,,0.103816000000,  -0.00080,
,,,0.103820000000,   0.00000,
,,,0.103824000000,  -0.00020,
,,,0.103828000000,  -0.00020,
,,,0.103832000000,  -0.00120,
,,,0.103836000000,  -0.00120,
,,,0.103840000000,  -0.00020,
,,,0.103844000000,  -0.00020,
,,,0.103848000000,  -0.00020,
,,,0.103852000000,   0.00000,
,,,0.103856000000,  -0.00060,
,,,0.103860000000,  -0.00040,
,,,0.103864000000,   0.00040,
,,,0.103868000000,  -0.00040,
,,,0.103872000000,   0.00020,
,,,0.103876000000,   0.00020,
,,,0.103880000000,   0.00020,
,,,0.103884000000,  -0.00020,
,,,0.103888000000,   0.00000,
,,,0.103892000000,   0.00000,
,,,0.103896000000,  -0.00020,
,,,0.103900000000,   0.00000,
,,,0.103904000000,   0.00000,
,,,0.103908000000,   0.00000,
,,,0.103912000000,   0.00020,
,,,0.103916000000,  -0.00040,
,,,0.103920000000,   0.00000,
,,,0.103924000000,   0.00000,
,,,0.103928000000,   0.00000,
,,,0.103932000000,  -0.00020,
,,,0.103936000000,  -0.00040,
,,,0.103940000000,   0.00080,
,,,0.103944000000,  -0.00020,
,,,0.103948000000,  -0.00040,
,,,0.103952000000,  -0.00040,
,,,0.103956000000,   0.00040,
,,,0.103960000000,   0.00020,
,,,0.103964000000,   0.00060,
,,,0.103968000000,   0.00140,
,,,0.103972000000,   0.00100,
,,,0.103976000000,   0.00040,
,,,0.103980000000,   0.00060,
,,,0.103984000000,   0.00060,
,,,0.103988000000,   0.00060,
,,,0.103992000000,   0.00040,
,,,0.103996000000,   0.00020,
,,,0.104000000000,   0.00000,
,,,0.104004000000,  -0.00020,
,,,0.104008000000,   0.00040,
,,,0.104012000000,   0.00020,
,,,0.104016000000,  -0.00040,
,,,0.104020000000,  -0.00020,
,,,0.104024000000,  -0.00020,
,,,0.104028000000,  -0.00020,
,,,0.104032000000,   0.00000,
,,,0.104036000000,  -0.00020,
,,,0.104040000000,  -0.00020,
,,,0.104044000000,  -0.00080,
,,,0.104048000000,  -0.00020,
,,,0.104052000000,  -0.00020,
,,,0.104056000000,   0.00040,
,,,0.104060000000,   0.00020,
,,,0.104064000000,   0.00000,
,,,0.104068000000,   0.00000,
,,,0.104072000000,   0.00000,
,,,0.104076000000,  -0.00040,
,,,0.104080000000,   0.00000,
,,,0.104084000000,   0.00020,
,,,0.104088000000,   0.00040,
,,,0.104092000000,   0.00020,
,,,0.104096000000,   0.00080,
,,,0.104100000000,   0.00020,
,,,0.104104000000,   0.00000,
,,,0.104108000000,  -0.00020,
,,,0.104112000000,   0.00020,
,,,0.104116000000,   0.00000,
,,,0.104120000000,   0.00020,
,,,0.104124000000,  -0.00020,
,,,0.104128000000,  -0.00060,
,,,0.104132000000,  -0.00020,
,,,0.104136000000,  -0.00020,
,,,0.104140000000,  -0.00020,
,,,0.104144000000,  -0.00040,
,,,0.104148000000,   0.00000,
,,,0.104152000000,   0.00000,
,,,0.104156000000,   0.00020,
,,,0.104160000000,   0.00000,
,,,0.104164000000,   0.00040,
,,,0.104168000000,   0.00020,
,,,0.104172000000,   0.00020,
,,,0.104176000000,   0.00020,
,,,0.104180000000,   0.00000,
,,,0.104184000000,   0.00020,
,,,0.104188000000,   0.00020,
,,,0.104192000000,   0.00080,
,,,0.104196000000,   0.00040,
,,,0.104200000000,   0.00060,
,,,0.104204000000,   0.00000,
,,,0.104208000000,   0.00000,
,,,0.104212000000,  -0.00020,
,,,0.104216000000,   0.00040,
,,,0.104220000000,   0.00020,
,,,0.104224000000,   0.00040,
,,,0.104228000000,   0.00020,
,,,0.104232000000,  -0.00020,
,,,0.104236000000,   0.00000,
,,,0.104240000000,  -0.00020,
,,,0.104244000000,  -0.00020,
,,,0.104248000000,   0.00040,
,,,0.104252000000,   0.00060,
,,,0.104256000000,   0.00000,
,,,0.104260000000,   0.00000,
,,,0.104264000000,  -0.00020,
,,,0.104268000000,  -0.00020,
,,,0.104272000000,   0.00000,
,,,0.104276000000,   0.00020,
,,,0.104280000000,   0.00040,
,,,0.104284000000,   0.00040,
,,,0.104288000000,   0.00060,
,,,0.104292000000,   0.00060,
,,,0.104296000000,   0.00080,
,,,0.104300000000,  -0.00020,
,,,0.104304000000,   0.00040,
,,,0.104308000000,   0.00040,
,,,0.104312000000,   0.00020,
,,,0.104316000000,   0.00000,
,,,0.104320000000,   0.00020,
,,,0.104324000000,   0.00080,
,,,0.104328000000,   0.00060,
,,,0.104332000000,   0.00100,
,,,0.104336000000,   0.00020,
,,,0.104340000000,   0.00020,
,,,0.104344000000,   0.00080,
,,,0.104348000000,   0.00080,
,,,0.104352000000,   0.00060,
,,,0.104356000000,   0.00040,
,,,0.104360000000,   0.00040,
,,,0.104364000000,   0.00040,
,,,0.104368000000,   0.00000,
,,,0.104372000000,   0.00020,
,,,0.104376000000,   0.00040,
,,,0.104380000000,   0.00060,
,,,0.104384000000,   0.00040,
,,,0.104388000000,   0.00000,
,,,0.104392000000,  -0.00020,
,,,0.104396000000,  -0.00040,
,,,0.104400000000,  -0.00020,
,,,0.104404000000,   0.00000,
,,,0.104408000000,  -0.00060,
,,,0.104412000000,  -0.00060,
,,,0.104416000000,  -0.00020,
,,,0.104420000000,   0.00000,
,,,0.104424000000,  -0.00020,
,,,0.104428000000,   0.00020,
,,,0.104432000000,  -0.00040,
,,,0.104436000000,   0.00020,
,,,0.104440000000,  -0.00040,
,,,0.104444000000,   0.00020,
,,,0.104448000000,  -0.00020,
,,,0.104452000000,   0.00000,
,,,0.104456000000,  -0.00020,
,,,0.104460000000,   0.00060,
,,,0.104464000000,   0.00020,
,,,0.104468000000,  -0.00020,
,,,0.104472000000,   0.00000,
,,,0.104476000000,  -0.00040,
,,,0.104480000000,  -0.00060,
,,,0.104484000000,  -0.00060,
,,,0.104488000000,  -0.00100,
,,,0.104492000000,  -0.00020,
,,,0.104496000000,   0.00040,
,,,0.104500000000,  -0.00040,
,,,0.104504000000,  -0.00060,
,,,0.104508000000,  -0.00020,
,,,0.104512000000,  -0.00020,
,,,0.104516000000,  -0.00020,
,,,0.104520000000,   0.00000,
,,,0.104524000000,   0.00060,
,,,0.104528000000,   0.00000,
,,,0.104532000000,   0.00000,
,,,0.104536000000,   0.00060,
,,,0.104540000000,   0.00040,
,,,0.104544000000,   0.00060,
,,,0.104548000000,   0.00100,
,,,0.104552000000,   0.00060,
,,,0.104556000000,   0.00060,
,,,0.104560000000,   0.00040,
,,,0.104564000000,   0.00000,
,,,0.104568000000,   0.00040,
,,,0.104572000000,   0.00020,
,,,0.104576000000,   0.00020,
,,,0.104580000000,   0.00060,
,,,0.104584000000,   0.00000,
,,,0.104588000000,   0.00020,
,,,0.104592000000,   0.00020,
,,,0.104596000000,   0.00020,
,,,0.104600000000,   0.00000,
,,,0.104604000000,  -0.00020,
,,,0.104608000000,   0.00040,
,,,0.104612000000,   0.00000,
,,,0.104616000000,   0.00020,
,,,0.104620000000,  -0.00020,
,,,0.104624000000,  -0.00040,
,,,0.104628000000,   0.00020,
,,,0.104632000000,   0.00060,
,,,0.104636000000,   0.00020,
,,,0.104640000000,   0.00020,
,,,0.104644000000,   0.00020,
,,,0.104648000000,  -0.00020,
,,,0.104652000000,   0.00000,
,,,0.104656000000,  -0.00020,
,,,0.104660000000,   0.00100,
,,,0.104664000000,   0.00020,
,,,0.104668000000,   0.00000,
,,,0.104672000000,  -0.00040,
,,,0.104676000000,   0.00000,
,,,0.104680000000,  -0.00040,
,,,0.104684000000,  -0.00060,
,,,0.104688000000,  -0.00040,
,,,0.104692000000,  -0.00020,
,,,0.104696000000,  -0.00020,
,,,0.104700000000,  -0.00040,
,,,0.104704000000,   0.00000,
,,,0.104708000000,   0.00000,
,,,0.104712000000,   0.00020,
,,,0.104716000000,   0.00040,
,,,0.104720000000,   0.00020,
,,,0.104724000000,   0.00040,
,,,0.104728000000,   0.00060,
,,,0.104732000000,   0.00040,
,,,0.104736000000,   0.00000,
,,,0.104740000000,  -0.00020,
,,,0.104744000000,   0.00040,
,,,0.104748000000,   0.00020,
,,,0.104752000000,  -0.00020,
,,,0.104756000000,  -0.00060,
,,,0.104760000000,  -0.00040,
,,,0.104764000000,  -0.00020,
,,,0.104768000000,   0.00000,
,,,0.104772000000,   0.00040,
,,,0.104776000000,   0.00020,
,,,0.104780000000,   0.00000,
,,,0.104784000000,   0.00020,
,,,0.104788000000,   0.00000,
,,,0.104792000000,   0.00040,
,,,0.104796000000,   0.00060,
,,,0.104800000000,   0.00040,
,,,0.104804000000,   0.00040,
,,,0.104808000000,   0.00000,
,,,0.104812000000,   0.00040,
,,,0.104816000000,   0.00060,
,,,0.104820000000,   0.00040,
,,,0.104824000000,   0.00020,
,,,0.104828000000,  -0.00020,
,,,0.104832000000,   0.00040,
,,,0.104836000000,   0.00000,
,,,0.104840000000,   0.00020,
,,,0.104844000000,   0.00000,
,,,0.104848000000,   0.00000,
,,,0.104852000000,   0.00000,
,,,0.104856000000,   0.00080,
,,,0.104860000000,   0.00020,
,,,0.104864000000,  -0.00060,
,,,0.104868000000,  -0.00020,
,,,0.104872000000,   0.00000,
,,,0.104876000000,  -0.00080,
,,,0.104880000000,  -0.00040,
,,,0.104884000000,   0.00020,
,,,0.104888000000,   0.00020,
,,,0.104892000000,  -0.00060,
,,,0.104896000000,  -0.00020,
,,,0.104900000000,  -0.00040,
,,,0.104904000000,   0.00040,
,,,0.104908000000,   0.00020,
,,,0.104912000000,   0.00020,
,,,0.104916000000,   0.00000,
,,,0.104920000000,  -0.00020,
,,,0.104924000000,   0.00000,
,,,0.104928000000,   0.00020,
,,,0.104932000000,   0.00040,
,,,0.104936000000,   0.00020,
,,,0.104940000000,   0.00040,
,,,0.104944000000,   0.00000,
,,,0.104948000000,  -0.00020,
,,,0.104952000000,   0.00020,
,,,0.104956000000,   0.00000,
,,,0.104960000000,  -0.00020,
,,,0.104964000000,   0.00000,
,,,0.104968000000,  -0.00040,
,,,0.104972000000,   0.00000,
,,,0.104976000000,   0.00040,
,,,0.104980000000,   0.00040,
,,,0.104984000000,  -0.00040,
,,,0.104988000000,   0.00000,
,,,0.104992000000,  -0.00020,
,,,0.104996000000,  -0.00060,
,,,0.105000000000,  -0.00040,
,,,0.105004000000,   0.00000,
,,,0.105008000000,   0.00000,
,,,0.105012000000,  -0.00040,
,,,0.105016000000,   0.00020,
,,,0.105020000000,   0.00040,
,,,0.105024000000,  -0.00040,
,,,0.105028000000,  -0.00020,
,,,0.105032000000,   0.00000,
,,,0.105036000000,   0.00000,
,,,0.105040000000,   0.00000,
,,,0.105044000000,   0.00020,
,,,0.105048000000,   0.00000,
,,,0.105052000000,  -0.00040,
,,,0.105056000000,   0.00000,
,,,0.105060000000,   0.00040,
,,,0.105064000000,   0.00000,
,,,0.105068000000,  -0.00080,
,,,0.105072000000,  -0.00060,
,,,0.105076000000,   0.00040,
,,,0.105080000000,   0.00040,
,,,0.105084000000,  -0.00040,
,,,0.105088000000,  -0.00080,
,,,0.105092000000,  -0.00040,
,,,0.105096000000,   0.00000,
,,,0.105100000000,  -0.00020,
,,,0.105104000000,  -0.00040,
,,,0.105108000000,  -0.00080,
,,,0.105112000000,  -0.00040,
,,,0.105116000000,  -0.00060,
,,,0.105120000000,  -0.00040,
,,,0.105124000000,  -0.00060,
,,,0.105128000000,  -0.00020,
,,,0.105132000000,  -0.00040,
,,,0.105136000000,  -0.00020,
,,,0.105140000000,  -0.00020,
,,,0.105144000000,   0.00000,
,,,0.105148000000,  -0.00040,
,,,0.105152000000,  -0.00020,
,,,0.105156000000,   0.00000,
,,,0.105160000000,  -0.00020,
,,,0.105164000000,  -0.00020,
,,,0.105168000000,   0.00040,
,,,0.105172000000,   0.00020,
,,,0.105176000000,   0.00000,
,,,0.105180000000,   0.00000,
,,,0.105184000000,  -0.00020,
,,,0.105188000000,  -0.00040,
,,,0.105192000000,   0.00000,
,,,0.105196000000,  -0.00080,
,,,0.105200000000,  -0.00020,
,,,0.105204000000,  -0.00020,
,,,0.105208000000,  -0.00060,
,,,0.105212000000,  -0.00040,
,,,0.105216000000,  -0.00060,
,,,0.105220000000,  -0.00020,
,,,0.105224000000,  -0.00020,
,,,0.105228000000,   0.00000,
,,,0.105232000000,  -0.00020,
,,,0.105236000000,   0.00000,
,,,0.105240000000,  -0.00020,
,,,0.105244000000,   0.00000,
,,,0.105248000000,   0.00020,
,,,0.105252000000,   0.00020,
,,,0.105256000000,   0.00040,
,,,0.105260000000,   0.00080,
,,,0.105264000000,   0.00060,
,,,0.105268000000,   0.00080,
,,,0.105272000000,   0.00040,
,,,0.105276000000,   0.00040,
,,,0.105280000000,   0.00080,
,,,0.105284000000,   0.00000,
,,,0.105288000000,   0.00020,
,,,0.105292000000,   0.00040,
,,,0.105296000000,   0.00040,
,,,0.105300000000,  -0.00020,
,,,0.105304000000,  -0.00040,
,,,0.105308000000,  -0.00020,
,,,0.105312000000,  -0.00040,
,,,0.105316000000,   0.00000,
,,,0.105320000000,   0.00020,
,,,0.105324000000,   0.00080,
,,,0.105328000000,  -0.00020,
,,,0.105332000000,  -0.00040,
,,,0.105336000000,  -0.00040,
,,,0.105340000000,  -0.00060,
,,,0.105344000000,   0.00000,
,,,0.105348000000,   0.00000,
,,,0.105352000000,  -0.00020,
,,,0.105356000000,   0.00020,
,,,0.105360000000,  -0.00020,
,,,0.105364000000,   0.00000,
,,,0.105368000000,  -0.00020,
,,,0.105372000000,  -0.00020,
,,,0.105376000000,   0.00020,
,,,0.105380000000,   0.00000,
,,,0.105384000000,   0.00000,
,,,0.105388000000,   0.00000,
,,,0.105392000000,  -0.00060,
,,,0.105396000000,  -0.00020,
,,,0.105400000000,  -0.00020,
,,,0.105404000000,   0.00000,
,,,0.105408000000,   0.00000,
,,,0.105412000000,   0.00040,
,,,0.105416000000,   0.00040,
,,,0.105420000000,   0.00000,
,,,0.105424000000,   0.00040,
,,,0.105428000000,   0.00040,
,,,0.105432000000,   0.00020,
,,,0.105436000000,  -0.00020,
,,,0.105440000000,   0.00000,
,,,0.105444000000,   0.00000,
,,,0.105448000000,   0.00040,
,,,0.105452000000,   0.00020,
,,,0.105456000000,  -0.00040,
,,,0.105460000000,  -0.00020,
,,,0.105464000000,   0.00000,
,,,0.105468000000,   0.00000,
,,,0.105472000000,  -0.00020,
,,,0.105476000000,   0.00020,
,,,0.105480000000,   0.00020,
,,,0.105484000000,   0.00020,
,,,0.105488000000,  -0.00040,
,,,0.105492000000,   0.00020,
,,,0.105496000000,   0.00020,
,,,0.105500000000,   0.00020,
,,,0.105504000000,   0.00020,
,,,0.105508000000,   0.00020,
,,,0.105512000000,   0.00000,
,,,0.105516000000,  -0.00040,
,,,0.105520000000,  -0.00020,
,,,0.105524000000,   0.00000,
,,,0.105528000000,   0.00060,
,,,0.105532000000,   0.00020,
,,,0.105536000000,  -0.00020,
,,,0.105540000000,  -0.00040,
,,,0.105544000000,  -0.00020,
,,,0.105548000000,  -0.00020,
,,,0.105552000000,  -0.00020,
,,,0.105556000000,   0.00020,
,,,0.105560000000,   0.00020,
,,,0.105564000000,  -0.00040,
,,,0.105568000000,   0.00020,
,,,0.105572000000,  -0.00040,
,,,0.105576000000,  -0.00060,
,,,0.105580000000,  -0.00020,
,,,0.105584000000,  -0.00020,
,,,0.105588000000,   0.00020,
,,,0.105592000000,  -0.00040,
,,,0.105596000000,  -0.00080,
,,,0.105600000000,  -0.00020,
,,,0.105604000000,  -0.00020,
,,,0.105608000000,   0.00020,
,,,0.105612000000,   0.00040,
,,,0.105616000000,   0.00020,
,,,0.105620000000,  -0.00020,
,,,0.105624000000,  -0.00040,
,,,0.105628000000,   0.00000,
,,,0.105632000000,   0.00020,
,,,0.105636000000,  -0.00020,
,,,0.105640000000,  -0.00040,
,,,0.105644000000,  -0.00040,
,,,0.105648000000,  -0.00020,
,,,0.105652000000,   0.00020,
,,,0.105656000000,   0.00000,
,,,0.105660000000,  -0.00020,
,,,0.105664000000,   0.00020,
,,,0.105668000000,  -0.00040,
,,,0.105672000000,   0.00020,
,,,0.105676000000,  -0.00040,
,,,0.105680000000,  -0.00060,
,,,0.105684000000,   0.00000,
,,,0.105688000000,  -0.00040,
,,,0.105692000000,   0.00020,
,,,0.105696000000,   0.00020,
,,,0.105700000000,   0.00040,
,,,0.105704000000,  -0.00020,
,,,0.105708000000,   0.00060,
,,,0.105712000000,   0.00020,
,,,0.105716000000,   0.00020,
,,,0.105720000000,   0.00060,
,,,0.105724000000,   0.00020,
,,,0.105728000000,  -0.00020,
,,,0.105732000000,   0.00000,
,,,0.105736000000,   0.00000,
,,,0.105740000000,   0.00000,
,,,0.105744000000,  -0.00040,
,,,0.105748000000,   0.00000,
,,,0.105752000000,  -0.00020,
,,,0.105756000000,  -0.00020,
,,,0.105760000000,  -0.00080,
,,,0.105764000000,  -0.00040,
,,,0.105768000000,  -0.00040,
,,,0.105772000000,  -0.00020,
,,,0.105776000000,   0.00000,
,,,0.105780000000,   0.00000,
,,,0.105784000000,   0.00000,
,,,0.105788000000,   0.00020,
,,,0.105792000000,  -0.00040,
,,,0.105796000000,  -0.00020,
,,,0.105800000000,   0.00020,
,,,0.105804000000,   0.00020,
,,,0.105808000000,   0.00040,
,,,0.105812000000,   0.00020,
,,,0.105816000000,   0.00000,
,,,0.105820000000,  -0.00020,
,,,0.105824000000,  -0.00020,
,,,0.105828000000,   0.00020,
,,,0.105832000000,   0.00040,
,,,0.105836000000,  -0.00020,
,,,0.105840000000,   0.00020,
,,,0.105844000000,   0.00000,
,,,0.105848000000,  -0.00060,
,,,0.105852000000,  -0.00080,
,,,0.105856000000,  -0.00060,
,,,0.105860000000,   0.00000,
,,,0.105864000000,  -0.00020,
,,,0.105868000000,   0.00000,
,,,0.105872000000,   0.00060,
,,,0.105876000000,  -0.00020,
,,,0.105880000000,  -0.00020,
,,,0.105884000000,  -0.00020,
,,,0.105888000000,   0.00040,
,,,0.105892000000,   0.00040,
,,,0.105896000000,   0.00080,
,,,0.105900000000,   0.00100,
,,,0.105904000000,   0.00080,
,,,0.105908000000,   0.00020,
,,,0.105912000000,   0.00080,
,,,0.105916000000,   0.00060,
,,,0.105920000000,   0.00040,
,,,0.105924000000,  -0.00040,
,,,0.105928000000,  -0.00020,
,,,0.105932000000,   0.00000,
,,,0.105936000000,  -0.00040,
,,,0.105940000000,  -0.00100,
,,,0.105944000000,  -0.00060,
,,,0.105948000000,  -0.00020,
,,,0.105952000000,  -0.00080,
,,,0.105956000000,  -0.00060,
,,,0.105960000000,   0.00000,
,,,0.105964000000,   0.00040,
,,,0.105968000000,  -0.00040,
,,,0.105972000000,   0.00000,
,,,0.105976000000,   0.00020,
,,,0.105980000000,  -0.00020,
,,,0.105984000000,   0.00040,
,,,0.105988000000,   0.00040,
,,,0.105992000000,   0.00040,
,,,0.105996000000,   0.00000,
,,,0.106000000000,   0.00040,
,,,0.106004000000,   0.00000,
,,,0.106008000000,   0.00040,
,,,0.106012000000,   0.00000,
,,,0.106016000000,   0.00020,
,,,0.106020000000,   0.00020,
,,,0.106024000000,  -0.00020,
,,,0.106028000000,   0.00020,
,,,0.106032000000,   0.00040,
,,,0.106036000000,  -0.00040,
,,,0.106040000000,  -0.00020,
,,,0.106044000000,   0.00020,
,,,0.106048000000,  -0.00020,
,,,0.106052000000,   0.00000,
,,,0.106056000000,   0.00020,
,,,0.106060000000,  -0.00040,
,,,0.106064000000,  -0.00020,
,,,0.106068000000,   0.00060,
,,,0.106072000000,  -0.00020,
,,,0.106076000000,  -0.00080,
,,,0.106080000000,  -0.00020,
,,,0.106084000000,   0.00020,
,,,0.106088000000,   0.00020,
,,,0.106092000000,   0.00020,
,,,0.106096000000,   0.00100,
,,,0.106100000000,   0.00020,
,,,0.106104000000,   0.00000,
,,,0.106108000000,   0.00060,
,,,0.106112000000,   0.00020,
,,,0.106116000000,   0.00040,
,,,0.106120000000,   0.00020,
,,,0.106124000000,   0.00060,
,,,0.106128000000,   0.00060,
,,,0.106132000000,   0.00040,
,,,0.106136000000,   0.00020,
,,,0.106140000000,   0.00080,
,,,0.106144000000,   0.00020,
,,,0.106148000000,   0.00040,
,,,0.106152000000,   0.00020,
,,,0.106156000000,   0.00020,
,,,0.106160000000,   0.00040,
,,,0.106164000000,   0.00000,
,,,0.106168000000,   0.00000,
,,,0.106172000000,   0.00040,
,,,0.106176000000,   0.00000,
,,,0.106180000000,   0.00060,
,,,0.106184000000,   0.00060,
,,,0.106188000000,   0.00060,
,,,0.106192000000,   0.00040,
,,,0.106196000000,   0.00000,
,,,0.106200000000,  -0.00020,
,,,0.106204000000,   0.00000,
,,,0.106208000000,  -0.00020,
,,,0.106212000000,  -0.00060,
,,,0.106216000000,   0.00040,
,,,0.106220000000,  -0.00020,
,,,0.106224000000,  -0.00020,
,,,0.106228000000,   0.00040,
,,,0.106232000000,   0.00020,
,,,0.106236000000,   0.00040,
,,,0.106240000000,   0.00020,
,,,0.106244000000,   0.00000,
,,,0.106248000000,  -0.00020,
,,,0.106252000000,  -0.00020,
,,,0.106256000000,   0.00040,
,,,0.106260000000,   0.00000,
,,,0.106264000000,   0.00020,
,,,0.106268000000,   0.00000,
,,,0.106272000000,  -0.00040,
,,,0.106276000000,  -0.00020,
,,,0.106280000000,   0.00020,
,,,0.106284000000,  -0.00020,
,,,0.106288000000,   0.00020,
,,,0.106292000000,   0.00020,
,,,0.106296000000,   0.00020,
,,,0.106300000000,  -0.00060,
,,,0.106304000000,  -0.00020,
,,,0.106308000000,  -0.00020,
,,,0.106312000000,   0.00020,
,,,0.106316000000,   0.00040,
,,,0.106320000000,  -0.00020,
,,,0.106324000000,   0.00020,
,,,0.106328000000,  -0.00020,
,,,0.106332000000,  -0.00020,
,,,0.106336000000,   0.00000,
,,,0.106340000000,   0.00040,
,,,0.106344000000,   0.00020,
,,,0.106348000000,   0.00020,
,,,0.106352000000,  -0.00020,
,,,0.106356000000,  -0.00020,
,,,0.106360000000,   0.00000,
,,,0.106364000000,   0.00040,
,,,0.106368000000,   0.00020,
,,,0.106372000000,   0.00020,
,,,0.106376000000,   0.00020,
,,,0.106380000000,   0.00060,
,,,0.106384000000,   0.00060,
,,,0.106388000000,   0.00040,
,,,0.106392000000,  -0.00020,
,,,0.106396000000,   0.00000,
,,,0.106400000000,   0.00020,
,,,0.106404000000,   0.00020,
,,,0.106408000000,   0.00040,
,,,0.106412000000,   0.00000,
,,,0.106416000000,   0.00000,
,,,0.106420000000,   0.00000,
,,,0.106424000000,  -0.00060,
,,,0.106428000000,  -0.00040,
,,,0.106432000000,  -0.00020,
,,,0.106436000000,  -0.00020,
,,,0.106440000000,  -0.00020,
,,,0.106444000000,  -0.00020,
,,,0.106448000000,   0.00060,
,,,0.106452000000,   0.00040,
,,,0.106456000000,   0.00020,
,,,0.106460000000,   0.00020,
,,,0.106464000000,  -0.00020,
,,,0.106468000000,   0.00000,
,,,0.106472000000,   0.00000,
,,,0.106476000000,   0.00040,
,,,0.106480000000,   0.00040,
,,,0.106484000000,   0.00080,
,,,0.106488000000,   0.00020,
,,,0.106492000000,   0.00040,
,,,0.106496000000,  -0.00020,
,,,0.106500000000,   0.00020,
,,,0.106504000000,   0.00000,
,,,0.106508000000,  -0.00040,
,,,0.106512000000,   0.00000,
,,,0.106516000000,   0.00000,
,,,0.106520000000,   0.00020,
,,,0.106524000000,  -0.00080,
,,,0.106528000000,  -0.00020,
,,,0.106532000000,   0.00000,
,,,0.106536000000,  -0.00020,
,,,0.106540000000,   0.00020,
,,,0.106544000000,   0.00000,
,,,0.106548000000,   0.00080,
,,,0.106552000000,   0.00080,
,,,0.106556000000,   0.00000,
,,,0.106560000000,   0.00000,
,,,0.106564000000,   0.00040,
,,,0.106568000000,  -0.00020,
,,,0.106572000000,   0.00020,
,,,0.106576000000,   0.00020,
,,,0.106580000000,   0.00060,
,,,0.106584000000,   0.00020,
,,,0.106588000000,   0.00080,
,,,0.106592000000,   0.00020,
,,,0.106596000000,   0.00000,
,,,0.106600000000,   0.00000,
,,,0.106604000000,  -0.00020,
,,,0.106608000000,  -0.00040,
,,,0.106612000000,  -0.00020,
,,,0.106616000000,  -0.00020,
,,,0.106620000000,  -0.00020,
,,,0.106624000000,  -0.00020,
,,,0.106628000000,  -0.00060,
,,,0.106632000000,   0.00020,
,,,0.106636000000,   0.00020,
,,,0.106640000000,  -0.00040,
,,,0.106644000000,  -0.00020,
,,,0.106648000000,  -0.00060,
,,,0.106652000000,  -0.00040,
,,,0.106656000000,   0.00000,
,,,0.106660000000,   0.00020,
,,,0.106664000000,   0.00000,
,,,0.106668000000,   0.00000,
,,,0.106672000000,   0.00000,
,,,0.106676000000,   0.00000,
,,,0.106680000000,   0.00060,
,,,0.106684000000,  -0.00040,
,,,0.106688000000,   0.00000,
,,,0.106692000000,  -0.00020,
,,,0.106696000000,   0.00000,
,,,0.106700000000,   0.00040,
,,,0.106704000000,   0.00020,
,,,0.106708000000,  -0.00020,
,,,0.106712000000,  -0.00060,
,,,0.106716000000,  -0.00020,
,,,0.106720000000,  -0.00020,
,,,0.106724000000,  -0.00060,
,,,0.106728000000,   0.00000,
,,,0.106732000000,  -0.00040,
,,,0.106736000000,   0.00040,
,,,0.106740000000,   0.00040,
,,,0.106744000000,   0.00040,
,,,0.106748000000,   0.00000,
,,,0.106752000000,   0.00080,
,,,0.106756000000,   0.00040,
,,,0.106760000000,  -0.00020,
,,,0.106764000000,   0.00060,
,,,0.106768000000,   0.00020,
,,,0.106772000000,   0.00020,
,,,0.106776000000,  -0.00020,
,,,0.106780000000,  -0.00020,
,,,0.106784000000,  -0.00060,
,,,0.106788000000,   0.00000,
,,,0.106792000000,   0.00040,
,,,0.106796000000,  -0.00020,
,,,0.106800000000,   0.00040,
,,,0.106804000000,   0.00000,
,,,0.106808000000,   0.00020,
,,,0.106812000000,   0.00020,
,,,0.106816000000,   0.00000,
,,,0.106820000000,   0.00020,
,,,0.106824000000,  -0.00060,
,,,0.106828000000,  -0.00040,
,,,0.106832000000,   0.00020,
,,,0.106836000000,   0.00000,
,,,0.106840000000,   0.00060,
,,,0.106844000000,   0.00020,
,,,0.106848000000,   0.00000,
,,,0.106852000000,   0.00020,
,,,0.106856000000,   0.00000,
,,,0.106860000000,   0.00000,
,,,0.106864000000,  -0.00020,
,,,0.106868000000,   0.00020,
,,,0.106872000000,   0.00000,
,,,0.106876000000,  -0.00020,
,,,0.106880000000,  -0.00060,
,,,0.106884000000,   0.00000,
,,,0.106888000000,   0.00000,
,,,0.106892000000,  -0.00080,
,,,0.106896000000,  -0.00020,
,,,0.106900000000,  -0.00060,
,,,0.106904000000,  -0.00040,
,,,0.106908000000,  -0.00020,
,,,0.106912000000,   0.00020,
,,,0.106916000000,   0.00000,
,,,0.106920000000,  -0.00020,
,,,0.106924000000,   0.00020,
,,,0.106928000000,   0.00040,
,,,0.106932000000,   0.00040,
,,,0.106936000000,   0.00080,
,,,0.106940000000,   0.00060,
,,,0.106944000000,   0.00060,
,,,0.106948000000,   0.00020,
,,,0.106952000000,   0.00020,
,,,0.106956000000,  -0.00020,
,,,0.106960000000,   0.00000,
,,,0.106964000000,   0.00020,
,,,0.106968000000,   0.00020,
,,,0.106972000000,   0.00020,
,,,0.106976000000,   0.00020,
,,,0.106980000000,   0.00040,
,,,0.106984000000,  -0.00020,
,,,0.106988000000,   0.00020,
,,,0.106992000000,  -0.00040,
,,,0.106996000000,  -0.00020,
,,,0.107000000000,   0.00020,
,,,0.107004000000,  -0.00020,
,,,0.107008000000,   0.00000,
,,,0.107012000000,   0.00000,
,,,0.107016000000,   0.00000,
,,,0.107020000000,   0.00040,
,,,0.107024000000,   0.00040,
,,,0.107028000000,   0.00020,
,,,0.107032000000,   0.00000,
,,,0.107036000000,   0.00000,
,,,0.107040000000,   0.00000,
,,,0.107044000000,  -0.00040,
,,,0.107048000000,  -0.00020,
,,,0.107052000000,   0.00000,
,,,0.107056000000,  -0.00040,
,,,0.107060000000,   0.00000,
,,,0.107064000000,  -0.00040,
,,,0.107068000000,  -0.00040,
,,,0.107072000000,  -0.00020,
,,,0.107076000000,  -0.00020,
,,,0.107080000000,   0.00020,
,,,0.107084000000,  -0.00020,
,,,0.107088000000,  -0.00040,
,,,0.107092000000,  -0.00100,
,,,0.107096000000,  -0.00100,
,,,0.107100000000,  -0.00040,
,,,0.107104000000,  -0.00040,
,,,0.107108000000,   0.00000,
,,,0.107112000000,  -0.00060,
,,,0.107116000000,  -0.00040,
,,,0.107120000000,  -0.00020,
,,,0.107124000000,   0.00000,
,,,0.107128000000,   0.00060,
,,,0.107132000000,   0.00040,
,,,0.107136000000,   0.00000,
,,,0.107140000000,   0.00000,
,,,0.107144000000,   0.00000,
,,,0.107148000000,  -0.00020,
,,,0.107152000000,  -0.00020,
,,,0.107156000000,  -0.00060,
